ident,n_mig,femme,senegal,educ,q601d,q601f,survey
B0000001,1,1,0,superieur,2003,0,2009
B0000002,1,0,0,superieur,1986,0,2009
B0000003,1,0,0,superieur,1990,0,2009
B0000004,1,0,0,superieur,1997,1999,2009
B0000004,2,0,0,superieur,1999,1999,2009
B0000004,3,0,0,superieur,1999,0,2009
B0000004,4,0,0,superieur,2004,2004,2009
B0000005,1,1,0,superieur,1983,0,2009
B0000006,1,0,0,superieur,2001,0,2009
B0000007,1,0,0,superieur,2007,0,2009
B0000008,1,0,0,superieur,2000,2003,2009
B0000008,2,0,0,superieur,2003,2006,2009
B0000008,3,0,0,superieur,2006,0,2009
B0000009,1,0,0,superieur,2006,2007,2009
B0000009,2,0,0,superieur,2007,0,2009
B0000011,1,0,0,superieur,2001,0,2009
B0000012,1,0,0,superieur,2000,0,2009
B0000013,1,0,0,superieur,1991,1991,2009
B0000013,2,0,0,superieur,1992,1995,2009
B0000013,3,0,0,superieur,1998,0,2009
B0000014,1,0,0,superieur,1994,0,2009
B0000015,1,0,0,superieur,1994,0,2009
B0000016,1,0,0,superieur,1991,0,2009
B0000017,1,1,0,secondaire,1983,0,2009
B0000017,2,1,0,secondaire,1996,1996,2009
B0000018,1,1,0,secondaire,2001,0,2009
B0000019,1,1,0,secondaire,2004,0,2009
B0000020,1,1,0,superieur,2000,0,2009
B0000021,1,1,0,superieur,2004,2005,2009
B0000021,2,1,0,superieur,2005,2007,2009
B0000021,3,1,0,superieur,2007,0,2009
B0000022,1,0,0,superieur,1994,0,2009
B0000023,1,1,0,superieur,2006,0,2009
B0000024,1,0,0,superieur,1990,1993,2009
B0000024,2,0,0,superieur,1993,0,2009
B0000025,1,1,0,secondaire,2006,0,2009
B0000026,1,0,0,superieur,2004,0,2009
B0000027,1,0,0,secondaire,2005,0,2009
B0000030,1,0,0,superieur,1996,0,2009
B0000031,1,1,0,secondaire,1991,1993,2009
B0000031,2,1,0,secondaire,1994,1995,2009
B0000031,3,1,0,secondaire,1996,1998,2009
B0000031,4,1,0,secondaire,1998,2002,2009
B0000031,5,1,0,secondaire,2002,2006,2009
B0000031,6,1,0,secondaire,2006,2008,2009
B0000031,7,1,0,secondaire,2008,0,2009
B0000032,1,0,0,superieur,2003,0,2009
B0000032,2,0,0,superieur,2003,2003,2009
B0000033,1,1,0,secondaire,1990,1991,2009
B0000033,2,1,0,secondaire,1991,1999,2009
B0000033,3,1,0,secondaire,1999,2004,2009
B0000033,4,1,0,secondaire,2004,2009,2009
B0000033,5,1,0,secondaire,2009,0,2009
B0000034,1,0,0,superieur,2004,0,2009
B0000035,1,1,0,secondaire,1982,0,2009
B0000036,1,1,0,secondaire,1988,0,2009
B0000037,1,1,0,superieur,2005,0,2009
B0000038,1,0,0,superieur,2003,0,2009
B0000039,1,1,0,secondaire,1991,0,2009
B0000040,1,0,0,superieur,2003,0,2009
B0000041,1,1,0,secondaire,1960,1962,2009
B0000041,2,1,0,secondaire,1964,1965,2009
B0000041,3,1,0,secondaire,1965,1969,2009
B0000041,4,1,0,secondaire,1969,1970,2009
B0000041,5,1,0,secondaire,1992,0,2009
B0000042,1,0,0,superieur,2005,2007,2009
B0000042,2,0,0,superieur,2007,0,2009
B0000043,1,0,0,superieur,1997,2008,2009
B0000043,2,0,0,superieur,2008,0,2009
B0000044,1,0,0,superieur,1981,1992,2009
B0000044,2,0,0,superieur,1992,2005,2009
B0000044,3,0,0,superieur,2005,0,2009
B0000045,1,1,0,superieur,2001,0,2009
B0000046,1,1,0,secondaire,1999,0,2009
B0000047,1,0,0,superieur,1963,0,2009
B0000048,1,1,0,secondaire,1984,0,2009
B0000050,1,1,0,secondaire,1997,0,2009
B0000051,1,1,0,secondaire,2004,0,2009
B0000052,1,1,0,secondaire,1971,0,2009
B0000053,1,0,0,superieur,1991,0,2009
B0000054,1,0,0,superieur,1990,0,2009
B0000055,1,0,0,superieur,2008,0,2009
B0000056,1,0,0,superieur,1991,0,2009
B0000057,1,1,0,superieur,2001,0,2009
B0000058,1,1,0,superieur,1992,0,2009
B0000059,1,0,0,superieur,1977,1978,2009
B0000059,2,0,0,superieur,1990,0,2009
B0000060,1,0,0,secondaire,1988,1993,2009
B0000060,2,0,0,secondaire,1993,2005,2009
B0000060,3,0,0,secondaire,2005,0,2009
B0000061,1,0,0,superieur,1974,1984,2009
B0000061,2,0,0,superieur,1999,0,2009
B0000062,1,1,0,secondaire,1968,0,2009
B0000067,1,1,0,superieur,1992,1993,2009
B0000067,2,1,0,superieur,2001,2001,2009
B0000067,3,1,0,superieur,2001,2001,2009
B0000067,4,1,0,superieur,2001,0,2009
B0000067,5,1,0,superieur,2001,2001,2009
B0000068,1,1,0,superieur,1993,0,2009
B0000069,1,1,0,superieur,1999,1999,2009
B0000069,2,1,0,superieur,1999,1999,2009
B0000069,3,1,0,superieur,1999,1999,2009
B0000069,4,1,0,superieur,1999,1999,2009
B0000069,5,1,0,superieur,2001,0,2009
B0000070,1,1,0,superieur,1991,1992,2009
B0000070,2,1,0,superieur,1992,1993,2009
B0000070,3,1,0,superieur,1993,0,2009
B0000071,1,0,0,superieur,2000,2007,2009
B0000071,2,0,0,superieur,2007,0,2009
B0000072,1,0,0,superieur,1990,0,2009
B0000072,2,0,0,superieur,2008,2008,2009
B0000073,1,0,0,secondaire,1983,2005,2009
B0000073,2,0,0,secondaire,2005,0,2009
B0000074,1,1,0,superieur,1995,0,2009
B0000075,1,1,0,superieur,1987,0,2009
B0000076,1,0,0,superieur,1991,0,2009
B0000077,1,0,0,superieur,1990,0,2009
B0000078,1,1,0,secondaire,1990,0,2009
B0000078,2,1,0,secondaire,1994,1994,2009
B0000078,3,1,0,secondaire,2004,2004,2009
B0000079,1,1,0,secondaire,2000,2002,2009
B0000079,2,1,0,secondaire,2007,0,2009
B0000080,1,1,0,superieur,2000,0,2009
B0000081,1,0,0,secondaire,2002,0,2009
B0000082,1,0,0,secondaire,1989,1992,2009
B0000082,2,0,0,secondaire,1992,1995,2009
B0000082,3,0,0,secondaire,1995,0,2009
B0000083,1,0,0,superieur,1990,0,2009
B0000084,1,0,0,superieur,1989,0,2009
B0000085,1,1,0,superieur,1986,1987,2009
B0000085,2,1,0,superieur,1987,0,2009
B0000086,1,0,0,superieur,1996,1998,2009
B0000086,2,0,0,superieur,1999,2001,2009
B0000086,3,0,0,superieur,2002,2004,2009
B0000086,4,0,0,superieur,2004,0,2009
B0000087,1,0,0,superieur,2008,0,2009
B0000088,1,1,0,superieur,1973,1987,2009
B0000088,2,1,0,superieur,1993,0,2009
B0000089,1,0,0,superieur,1990,1990,2009
B0000089,2,0,0,superieur,1991,1993,2009
B0000089,3,0,0,superieur,1993,0,2009
B0000090,1,1,0,superieur,1985,0,2009
B0000091,1,0,0,superieur,1989,0,2009
B0000092,1,0,0,superieur,1986,1986,2009
B0000092,2,0,0,superieur,1986,2005,2009
B0000092,3,0,0,superieur,2005,0,2009
B0000093,1,1,0,superieur,2002,2005,2009
B0000093,2,1,0,superieur,2005,0,2009
B0000094,1,1,0,superieur,2000,2001,2009
B0000094,2,1,0,superieur,2001,0,2009
B0000095,1,1,0,secondaire,2000,0,2009
B0000096,1,0,0,secondaire,2003,0,2009
B0000097,1,0,0,superieur,1999,0,2009
B0000098,1,0,0,superieur,1988,0,2009
B0000099,1,0,0,superieur,2004,0,2009
B0000100,1,1,0,superieur,1996,0,2009
B0000101,1,0,0,superieur,1998,0,2009
B0000102,1,1,0,superieur,1991,0,2009
B0000103,1,0,0,superieur,2001,0,2009
B0000104,1,1,0,secondaire,2005,0,2010
B0000105,1,1,0,secondaire,1996,0,2010
B0000105,2,1,0,secondaire,1996,1996,2010
B0000105,3,1,0,secondaire,1996,1996,2010
B0000106,1,1,0,superieur,1983,0,2010
B0000109,1,0,0,secondaire,1989,0,2009
B0000110,1,1,0,superieur,1979,1980,2009
B0000110,2,1,0,superieur,1989,1994,2009
B0000110,3,1,0,superieur,2000,0,2009
B0000111,1,0,0,secondaire,1986,1989,2009
B0000111,2,0,0,secondaire,1993,0,2009
B0000112,1,1,0,secondaire,2008,0,2009
B0000113,1,1,0,superieur,1990,0,2009
B0000114,1,0,0,superieur,1988,0,2009
B0000114,2,0,0,superieur,1988,1988,2009
B0000114,3,0,0,superieur,2005,2005,2009
B0000115,1,0,0,superieur,1997,0,2009
B0000116,1,1,0,superieur,1991,1999,2009
B0000116,2,1,0,superieur,1999,2004,2009
B0000116,3,1,0,superieur,2004,0,2009
B0000117,1,1,0,superieur,1999,0,2009
B0000117,2,1,0,superieur,1999,1999,2009
B0000118,1,1,0,superieur,2007,0,2009
B0000119,1,0,0,superieur,2003,0,2009
B0000120,1,0,0,superieur,2007,0,2009
B0000121,1,0,0,superieur,1970,1976,2009
B0000121,2,0,0,superieur,1987,1994,2009
B0000121,3,0,0,superieur,1994,1999,2009
B0000121,4,0,0,superieur,1999,2002,2009
B0000121,5,0,0,superieur,2002,0,2009
B0000122,1,0,0,superieur,1987,0,2009
B0000123,1,0,0,secondaire,1992,2000,2009
B0000123,2,0,0,secondaire,2000,0,2009
B0000124,1,1,0,secondaire,1972,1976,2009
B0000124,2,1,0,secondaire,1976,0,2009
B0000125,1,0,0,secondaire,1987,1990,2009
B0000125,2,0,0,secondaire,1990,0,2009
B0000126,1,1,0,secondaire,1991,0,2009
B0000127,1,0,0,superieur,1994,0,2009
B0000128,1,0,0,superieur,2002,0,2009
B0000129,1,1,0,superieur,1981,0,2009
B0000130,1,0,0,superieur,1960,1965,2009
B0000130,2,0,0,superieur,1970,1976,2009
B0000130,3,0,0,superieur,1990,1992,2009
B0000130,4,0,0,superieur,2006,0,2009
B0000131,1,1,0,superieur,1974,0,2009
B0000132,1,0,0,superieur,1985,1996,2009
B0000132,2,0,0,superieur,1997,0,2009
B0000133,1,1,0,superieur,1978,1983,2009
B0000133,2,1,0,superieur,1986,0,2009
B0000134,1,0,0,superieur,1988,0,2009
B0000135,1,1,0,superieur,1980,0,2009
B0000136,1,0,0,secondaire,2007,0,2009
B0000137,1,0,0,superieur,2004,0,2009
B0000138,1,0,0,superieur,2008,0,2009
B0000139,1,1,0,secondaire,2001,2006,2009
B0000139,2,1,0,secondaire,2006,0,2009
B0000140,1,0,0,superieur,2008,0,2009
B0000141,1,1,0,superieur,1982,1986,2009
B0000141,2,1,0,superieur,1996,2005,2009
B0000141,3,1,0,superieur,2005,0,2009
B0000142,1,0,0,superieur,2000,0,2009
B0000143,1,1,0,superieur,2002,0,2009
B0000145,1,0,0,superieur,2002,2005,2009
B0000145,2,0,0,superieur,2005,0,2009
B0000148,1,1,0,superieur,1988,0,2009
B0000149,1,0,0,secondaire,1999,0,2009
B0000150,1,1,0,superieur,1993,0,2009
B0000151,1,0,0,superieur,1980,1983,2009
B0000151,2,0,0,superieur,1983,1992,2009
B0000151,3,0,0,superieur,1992,0,2009
B0000152,1,0,0,superieur,2002,0,2009
B0000153,1,1,0,superieur,2002,0,2009
B0000154,1,0,0,superieur,2006,0,2009
B0000155,1,0,0,secondaire,1986,1990,2009
B0000155,2,0,0,secondaire,1990,1992,2009
B0000155,3,0,0,secondaire,1992,0,2009
B0000156,1,1,0,secondaire,2003,2004,2009
B0000156,2,1,0,secondaire,2004,0,2009
B0000157,1,0,0,superieur,1999,2003,2009
B0000157,2,0,0,superieur,2003,0,2009
B0000158,1,0,0,superieur,1964,1966,2009
B0000158,2,0,0,superieur,2007,0,2009
B0000159,1,1,0,secondaire,1978,0,2009
B0000160,1,0,0,superieur,1984,0,2009
B0000161,1,0,0,secondaire,1968,1970,2009
B0000161,2,0,0,secondaire,1973,0,2009
B0000162,1,1,0,aucun-primaire,2002,0,2009
B0000163,1,0,0,superieur,2006,0,2009
B0000164,1,0,0,superieur,1989,1993,2009
B0000164,2,0,0,superieur,1993,0,2009
B0000165,1,1,0,secondaire,1990,0,2009
B0000166,1,0,0,superieur,1997,0,2009
B0000167,1,1,0,secondaire,1989,0,2009
B0000168,1,1,0,superieur,2005,0,2009
B0000169,1,1,0,superieur,1984,0,2009
B0000169,2,1,0,superieur,2004,2004,2009
B0000170,1,0,0,secondaire,1986,0,2009
B0000171,1,0,0,secondaire,1990,0,2009
B0000171,2,0,0,secondaire,1990,1990,2009
B0000171,3,0,0,secondaire,1990,1990,2009
B0000172,1,1,0,superieur,1980,1986,2009
B0000172,2,1,0,superieur,1997,0,2009
B0000174,1,0,0,secondaire,1989,0,2009
B0000174,2,0,0,secondaire,2007,2007,2009
B0000175,1,0,0,secondaire,1991,2001,2009
B0000175,2,0,0,secondaire,2002,0,2009
B0000176,1,1,0,secondaire,2001,0,2009
B0000178,1,1,0,superieur,2000,0,2009
B0000179,1,0,0,superieur,2004,0,2009
B0000180,1,0,0,superieur,2008,0,2009
B0000181,1,0,0,superieur,1974,1990,2009
B0000181,2,0,0,superieur,1991,0,2009
B0000181,3,0,0,superieur,1991,1991,2009
B0000182,1,0,0,superieur,1989,0,2009
B0000183,1,1,0,superieur,1995,1998,2009
B0000183,2,1,0,superieur,1998,0,2009
B0000184,1,1,0,secondaire,2003,0,2009
B0000184,2,1,0,secondaire,2003,2003,2009
B0000185,1,1,0,secondaire,1966,1968,2009
B0000185,2,1,0,secondaire,1970,1973,2009
B0000185,3,1,0,secondaire,2002,0,2009
B0000186,1,0,0,superieur,1997,1999,2009
B0000186,2,0,0,superieur,1999,0,2009
B0000187,1,1,0,superieur,1991,0,2009
B0000188,1,0,0,superieur,1997,1998,2009
B0000188,2,0,0,superieur,1998,1999,2009
B0000188,3,0,0,superieur,2006,0,2009
B0000192,1,1,0,superieur,2003,0,2009
B0000193,1,0,0,superieur,1987,1991,2009
B0000193,2,0,0,superieur,1994,0,2009
B0000197,1,0,0,superieur,1991,1993,2009
B0000197,2,0,0,superieur,1997,0,2009
B0000198,1,0,0,superieur,1988,1989,2009
B0000198,2,0,0,superieur,1989,1995,2009
B0000198,3,0,0,superieur,1995,1998,2009
B0000198,4,0,0,superieur,1998,0,2009
B0000199,1,1,0,superieur,1973,0,2009
B0000200,1,1,0,secondaire,1986,0,2009
B0000208,1,1,0,secondaire,1974,0,2009
B0000209,1,0,0,superieur,1986,0,2009
B0000209,2,0,0,superieur,2004,2004,2009
B0000210,1,0,0,superieur,1994,0,2009
B0000211,1,1,0,secondaire,1998,2001,2009
B0000211,2,1,0,secondaire,2001,0,2009
B0000213,1,0,0,secondaire,1989,1998,2009
B0000213,2,0,0,secondaire,1998,0,2009
B0000214,1,0,0,superieur,2005,2007,2009
B0000214,2,0,0,superieur,2008,0,2009
B0000215,1,1,0,secondaire,1992,0,2009
B0000216,1,0,0,secondaire,2004,0,2009
B0000217,1,0,0,superieur,1985,1989,2009
B0000217,2,0,0,superieur,2000,2002,2009
B0000217,3,0,0,superieur,2002,0,2009
B0000218,1,1,0,superieur,1995,0,2009
B0000219,1,1,0,superieur,2006,0,2009
B0000220,1,1,0,superieur,2003,0,2009
B0000221,1,0,0,superieur,1994,0,2009
B0000223,1,0,0,superieur,1984,1992,2009
B0000223,2,0,0,superieur,2006,0,2009
B0000224,1,0,0,superieur,1990,0,2009
B0000225,1,1,0,superieur,2003,0,2009
B0000226,1,0,0,superieur,1988,0,2009
B0000227,1,1,0,secondaire,1994,0,2009
B0000228,1,0,0,superieur,2004,2006,2009
B0000228,2,0,0,superieur,2007,2008,2009
B0000228,3,0,0,superieur,2009,0,2009
B0000229,1,1,0,secondaire,2001,0,2009
B0000230,1,0,0,superieur,1976,1982,2009
B0000230,2,0,0,superieur,1985,0,2009
B0000230,3,0,0,superieur,1985,1985,2009
B0000231,1,0,0,superieur,1996,0,2009
B0000232,1,1,0,superieur,1999,0,2009
B0000233,1,0,0,superieur,1984,1985,2009
B0000233,2,0,0,superieur,1986,0,2009
B0000237,1,0,0,superieur,2006,0,2009
B0000238,1,0,0,secondaire,2005,0,2009
B0000239,1,1,0,superieur,1977,1988,2010
B0000239,2,1,0,superieur,1998,0,2010
B0000243,1,0,0,superieur,1991,0,2009
B0000244,1,0,0,superieur,1991,0,2009
B0000245,1,0,0,superieur,1989,1990,2009
B0000245,2,0,0,superieur,1990,0,2009
B0000246,1,0,0,superieur,1991,1993,2009
B0000246,2,0,0,superieur,1993,0,2009
B0000247,1,0,0,secondaire,1990,1991,2009
B0000247,2,0,0,secondaire,1991,0,2009
B0000248,1,0,0,superieur,1998,0,2009
B0000249,1,1,0,superieur,1996,0,2009
B0000250,1,1,0,secondaire,2000,0,2009
B0000251,1,1,0,superieur,2003,0,2009
B0000252,1,1,0,superieur,2006,0,2009
B0000253,1,0,0,superieur,2007,0,2009
B0000254,1,0,0,superieur,2006,2007,2009
B0000254,2,0,0,superieur,2008,0,2009
B0000255,1,0,0,secondaire,1994,1995,2009
B0000255,2,0,0,secondaire,1995,1999,2009
B0000255,3,0,0,secondaire,2002,0,2009
B0000256,1,1,0,secondaire,1989,0,2009
B0000257,1,0,0,secondaire,2008,0,2010
B0000258,1,1,0,secondaire,1986,1993,2010
B0000258,2,1,0,secondaire,1993,1995,2010
B0000258,3,1,0,secondaire,1995,0,2010
B0000259,1,1,0,secondaire,1980,0,2009
B0000260,1,0,0,superieur,1993,0,2009
B0000261,1,0,0,secondaire,1990,1991,2009
B0000261,2,0,0,secondaire,2002,0,2009
B0000262,1,1,0,superieur,1985,0,2009
B0000263,1,0,0,secondaire,1995,0,2009
B0000264,1,0,0,superieur,1980,1997,2009
B0000264,2,0,0,superieur,2000,0,2009
B0000265,1,0,0,secondaire,1998,0,2009
B0000267,1,0,0,superieur,2004,0,2009
B0000269,1,1,0,secondaire,1998,0,2009
B0000270,1,0,0,superieur,2006,0,2009
B0000271,1,1,0,superieur,2008,0,2010
B0000272,1,1,0,superieur,2001,0,2010
B0000273,1,1,0,superieur,2000,2007,2009
B0000273,2,1,0,superieur,2008,0,2009
B0000274,1,1,0,secondaire,2009,0,2010
B0000275,1,1,0,superieur,1990,1992,2009
B0000275,2,1,0,superieur,1992,1992,2009
B0000275,3,1,0,superieur,1992,0,2009
B0000276,1,1,0,superieur,1969,1971,2009
B0000276,2,1,0,superieur,1988,0,2009
B0000277,1,0,0,superieur,1986,0,2009
B0000278,1,1,0,secondaire,1980,1986,2009
B0000278,2,1,0,secondaire,1999,0,2009
B0000279,1,1,0,secondaire,2003,2004,2010
B0000279,2,1,0,secondaire,2004,0,2010
B0000280,1,1,0,superieur,2001,2005,2010
B0000280,2,1,0,superieur,2008,0,2010
B0000281,1,0,0,secondaire,2009,0,2010
B0000282,1,1,0,superieur,2005,2006,2010
B0000282,2,1,0,superieur,2007,0,2010
B0000283,1,1,0,superieur,2008,0,2010
B0000284,1,1,0,secondaire,2005,0,2010
B0000286,1,0,0,secondaire,1978,2008,2010
B0000286,2,0,0,secondaire,2008,0,2010
B0000287,1,0,0,secondaire,2009,0,2010
B0000288,1,0,0,superieur,2007,0,2010
B0000289,1,1,0,secondaire,2008,0,2010
B0000290,1,0,0,superieur,2009,0,2010
B0000291,1,1,0,secondaire,1993,1996,2009
B0000291,2,1,0,secondaire,1997,0,2009
B0000291,3,1,0,secondaire,2004,2004,2009
B0000293,1,0,0,secondaire,1992,1994,2009
B0000293,2,0,0,secondaire,1994,2005,2009
B0000293,3,0,0,secondaire,2009,0,2009
B0000296,1,1,0,superieur,2007,0,2010
B0000297,1,1,0,secondaire,2002,2006,2010
B0000297,2,1,0,secondaire,2009,0,2010
B0000298,1,1,0,aucun-primaire,2008,0,2010
B0000701,1,0,0,secondaire,2004,0,2009
B0000702,1,1,0,secondaire,1994,0,2009
B0000703,1,1,0,secondaire,2000,0,2009
B0000704,1,0,0,superieur,1991,2002,2009
B0000704,2,0,0,superieur,2002,0,2009
B0000705,1,0,0,superieur,2005,0,2009
B0000706,1,1,0,secondaire,1978,1979,2009
B0000706,2,1,0,secondaire,1980,0,2009
B0000707,1,1,0,secondaire,1989,0,2009
B0000708,1,1,0,superieur,2002,2005,2009
B0000708,2,1,0,superieur,2005,0,2009
B0000709,1,0,0,superieur,2001,0,2009
B0000711,1,0,0,superieur,2004,0,2009
B0000712,1,0,0,secondaire,1999,2002,2009
B0000712,2,0,0,secondaire,2002,0,2009
B0000713,1,0,0,superieur,2000,2006,2009
B0000713,2,0,0,superieur,2006,0,2009
B0000714,1,1,0,superieur,2002,0,2009
B0000715,1,0,0,secondaire,1999,2004,2009
B0000715,2,0,0,secondaire,2004,0,2009
B0000716,1,1,0,superieur,1999,0,2009
B0000717,1,0,0,superieur,1992,2000,2009
B0000717,2,0,0,superieur,2000,2005,2009
B0000717,3,0,0,superieur,2005,0,2009
B0000773,1,0,0,secondaire,2003,0,2009
B0000799,1,0,0,secondaire,2005,2007,2010
B0000799,2,0,0,secondaire,2007,0,2010
B0000800,1,0,0,superieur,1962,1963,2010
B0000800,2,0,0,superieur,1963,1968,2010
B0000800,3,0,0,superieur,1968,1969,2010
B0000800,4,0,0,superieur,1978,1980,2010
B0000800,5,0,0,superieur,2001,2004,2010
B0000800,6,0,0,superieur,2004,0,2010
C0008001,1,0,0,superieur,1997,1999,2009
C0013001,1,0,0,superieur,1979,1989,2009
C0046001,1,0,0,superieur,1995,2000,2009
C0081001,1,1,0,secondaire,1994,2005,2009
C0089001,1,0,0,secondaire,1985,1987,2009
C0092002,1,1,0,secondaire,1991,1996,2009
C0098004,1,0,0,superieur,1997,2004,2009
C0109001,1,0,0,aucun-primaire,1999,2000,2009
C0109003,1,1,0,secondaire,1984,1987,2009
C0115002,1,1,0,secondaire,1987,1990,2009
C0116001,1,1,0,secondaire,2006,2007,2009
C0118001,1,0,0,secondaire,1993,1996,2009
C0121001,1,1,0,aucun-primaire,2001,2002,2009
C0122001,1,0,0,secondaire,1996,1998,2009
C0123002,1,1,0,secondaire,1981,1984,2009
C0129001,1,1,0,aucun-primaire,1989,1991,2009
C0129003,1,0,0,secondaire,1980,1997,2009
C0129003,2,0,0,secondaire,1997,2008,2009
C0177001,1,0,0,aucun-primaire,1986,1987,2009
C0181001,1,0,0,secondaire,1995,1996,2009
C0183005,1,0,0,superieur,1991,1997,2009
C0184002,1,1,0,secondaire,1994,2002,2009
C0184002,2,1,0,secondaire,2005,2009,2009
C0188001,1,1,0,aucun-primaire,1980,1997,2009
C0193002,1,1,0,secondaire,1993,1993,2009
C0193002,2,1,0,secondaire,1993,1993,2009
C0193002,3,1,0,secondaire,1993,1993,2009
C0197001,1,0,0,superieur,1972,1977,2009
C0199001,1,0,0,superieur,1992,1993,2009
C0207003,1,0,0,secondaire,2000,2003,2009
C0209001,1,0,0,secondaire,2003,2005,2009
C0213002,1,1,0,secondaire,1973,1974,2009
C0217007,1,1,0,aucun-primaire,1974,1977,2009
C0222002,1,0,0,superieur,1962,2006,2009
C0234001,1,0,0,superieur,1979,1981,2009
C0234001,2,0,0,superieur,1981,1982,2009
C0239001,1,0,0,secondaire,1993,1994,2009
C0247001,1,0,0,superieur,2000,2005,2009
C0247002,1,0,0,secondaire,2003,2005,2009
C0258001,1,1,0,secondaire,2005,2007,2009
C0272001,1,0,0,superieur,1972,1974,2009
C0272001,2,0,0,superieur,1974,1977,2009
C0276002,1,0,0,secondaire,1990,1993,2009
C0276002,2,0,0,secondaire,2006,2006,2009
C0276004,1,0,0,secondaire,1997,1999,2009
C0279003,1,0,0,secondaire,2005,2009,2009
C0285001,1,1,0,aucun-primaire,1959,1961,2009
C0292003,1,1,0,secondaire,2005,2007,2009
C0293001,1,0,0,superieur,2001,2004,2009
C0296003,1,0,0,superieur,1985,1986,2009
C0296004,1,1,0,secondaire,1997,2003,2009
C0296005,1,1,0,secondaire,1989,2003,2009
C0299001,1,0,0,superieur,1972,1977,2009
C0304001,1,1,0,superieur,1998,2005,2009
C0311009,1,0,0,secondaire,1989,1997,2009
C0323005,1,1,0,superieur,1996,1998,2009
C0329001,1,0,0,secondaire,2000,2004,2009
C0329001,2,0,0,secondaire,2006,2008,2009
C0329002,1,1,0,secondaire,2000,2004,2009
C0329002,2,1,0,secondaire,2006,2008,2009
C0339001,1,0,0,superieur,1995,1997,2009
C0340001,1,0,0,superieur,1981,1982,2009
C0340001,2,0,0,superieur,1982,1983,2009
C0343002,1,1,0,aucun-primaire,1996,2000,2009
C0347001,1,0,0,superieur,1989,1994,2009
C0347001,2,0,0,superieur,1994,1996,2009
C0347001,3,0,0,superieur,1996,1997,2009
C0351001,1,1,0,secondaire,1993,1997,2009
C0356001,1,0,0,secondaire,2006,2008,2009
C0360001,1,0,0,secondaire,2008,2009,2009
C0363001,1,0,0,superieur,1974,1979,2009
C0363001,2,0,0,superieur,1979,1989,2009
C0363002,1,1,0,secondaire,1975,1979,2009
C0363002,2,1,0,secondaire,1979,1989,2009
C0374001,1,0,0,secondaire,1989,1994,2009
C0384001,1,0,0,superieur,1994,2006,2009
C0389001,1,0,0,superieur,1968,1974,2009
C0389001,2,0,0,superieur,1982,1988,2009
C0389001,3,0,0,superieur,1988,1995,2009
C0391001,1,0,0,secondaire,1986,1994,2009
C0398002,1,1,0,secondaire,1999,2001,2009
C0399001,1,1,0,aucun-primaire,1964,1974,2009
C0401001,1,0,0,superieur,1988,1997,2009
C0401001,2,0,0,superieur,1997,1997,2009
C0401002,1,1,0,secondaire,1999,2000,2009
C0401002,2,1,0,secondaire,2000,2004,2009
C0401002,3,1,0,secondaire,2004,2004,2009
C0404002,1,0,0,secondaire,1987,1989,2009
C0404002,2,0,0,secondaire,1990,1992,2009
C0404002,3,0,0,secondaire,1992,1994,2009
C0404002,4,0,0,secondaire,1994,2001,2009
C0407001,1,0,0,superieur,1990,1991,2009
C0413001,1,0,0,superieur,1972,1973,2009
C0413001,2,0,0,superieur,1973,1976,2009
C0413001,3,0,0,superieur,1976,1982,2009
C0413001,4,0,0,superieur,1982,1984,2009
C0413001,5,0,0,superieur,1984,1987,2009
C0413002,1,1,0,secondaire,1974,1976,2009
C0413002,2,1,0,secondaire,1976,1984,2009
C0413002,3,1,0,secondaire,1984,1985,2009
C0413002,4,1,0,secondaire,1985,1987,2009
C0419001,1,0,0,secondaire,2005,2007,2009
C0419002,1,1,0,secondaire,1992,1992,2009
C0428002,1,1,0,secondaire,2001,2004,2009
C0429003,1,0,0,secondaire,1999,2004,2009
C0436001,1,1,0,secondaire,1963,1965,2009
C0436001,2,1,0,secondaire,1966,1972,2009
C0437001,1,0,0,secondaire,1991,1993,2009
C0457009,1,1,0,secondaire,2000,2004,2009
C0459001,1,0,0,secondaire,1977,1979,2009
C0464002,1,1,0,aucun-primaire,1994,1996,2009
C0464003,1,0,0,superieur,1994,1996,2009
C0465002,1,1,0,secondaire,1986,1989,2009
C0470001,1,1,0,secondaire,1984,1997,2009
C0478002,1,1,0,secondaire,1995,1997,2009
C0479003,1,0,0,superieur,1998,2000,2009
C0479003,2,0,0,superieur,2002,2004,2009
C0479003,3,0,0,superieur,2007,2008,2009
C0484002,1,0,0,aucun-primaire,2007,2009,2009
C0486003,1,1,0,aucun-primaire,2003,2006,2009
C0490003,1,1,0,secondaire,2006,2009,2009
C0493001,1,0,0,secondaire,1974,1976,2009
C0493001,2,0,0,secondaire,1982,1991,2009
C0493001,3,0,0,secondaire,1991,1993,2009
C0497001,1,0,0,secondaire,1990,1992,2009
C0499001,1,0,0,secondaire,1994,1996,2009
C0499011,1,1,0,secondaire,2003,2004,2009
C0504001,1,0,0,secondaire,2001,2004,2009
C0505002,1,1,0,secondaire,1977,1979,2009
C0508001,1,0,0,secondaire,1966,1969,2009
C0510003,1,1,0,secondaire,2001,2003,2009
C0510003,2,1,0,secondaire,2005,2007,2009
C0517001,1,0,0,secondaire,1978,1980,2009
C0519004,1,0,0,secondaire,1999,2006,2009
C0523001,1,0,0,secondaire,2001,2004,2009
C0527001,1,1,0,aucun-primaire,1975,1994,2009
C0534002,1,1,0,aucun-primaire,2003,2004,2009
C0539001,1,0,0,secondaire,1991,1997,2009
C0541001,1,1,0,secondaire,2000,2002,2009
C0541002,1,1,0,secondaire,2000,2002,2009
C0569001,1,0,0,superieur,1992,1994,2009
C0580001,1,0,0,superieur,1967,1969,2009
C0580001,2,0,0,superieur,1980,1985,2009
C0580002,1,1,0,secondaire,1978,1983,2009
C0580002,2,1,0,secondaire,1983,1987,2009
C0584001,1,0,0,secondaire,1995,1997,2009
C0594002,1,1,0,secondaire,2006,2009,2009
C0598003,1,0,0,secondaire,2000,2001,2009
C0611002,1,0,0,secondaire,1996,1996,2009
C0611002,2,0,0,secondaire,2008,2008,2009
C0632002,1,1,0,secondaire,2001,2004,2009
C0637004,1,0,0,secondaire,2004,2009,2009
C0641001,1,0,0,secondaire,2006,2006,2009
C0648001,1,0,0,secondaire,1995,1998,2009
C0670001,1,0,0,superieur,1980,1994,2009
C0670001,2,0,0,superieur,2004,2008,2009
C0691001,1,1,0,secondaire,1999,2001,2009
C0692002,1,1,0,superieur,2002,2006,2009
C0703001,1,0,0,secondaire,1991,1999,2009
C0718008,1,1,0,secondaire,2004,2009,2009
C0720004,1,0,0,secondaire,1997,2000,2009
C0734002,1,1,0,secondaire,2005,2006,2009
C0738001,1,1,0,superieur,1993,1995,2009
C0738002,1,1,0,secondaire,1996,2002,2009
C0740002,1,1,0,secondaire,1968,1971,2009
C0743001,1,0,0,superieur,1980,1985,2009
C0748001,1,0,0,secondaire,1989,1991,2009
C0763001,1,1,0,secondaire,1961,1966,2009
C0774005,1,0,0,secondaire,1991,1999,2009
C0789001,1,0,0,secondaire,1993,1994,2009
C0814001,1,0,0,superieur,2002,2003,2009
C0870002,1,0,0,secondaire,1993,1994,2009
C0880001,1,0,0,superieur,1994,1996,2009
C0891001,1,0,0,superieur,1990,2004,2009
C0896001,1,0,0,secondaire,1995,1998,2009
C0898001,1,0,0,superieur,1993,2008,2009
C0901001,1,0,0,superieur,1992,1996,2009
C0901005,1,0,0,secondaire,2006,2007,2009
C0910003,1,1,0,secondaire,1993,1998,2009
C0912003,1,0,0,superieur,2005,2006,2009
C0923001,1,1,0,aucun-primaire,2001,2003,2009
C0934012,1,1,0,secondaire,1984,1987,2009
C0947001,1,1,0,aucun-primaire,1958,1966,2009
C0947001,2,1,0,aucun-primaire,1969,1988,2009
C0949004,1,1,0,secondaire,1999,2001,2009
C0950001,1,0,0,secondaire,1983,2007,2009
C0950002,1,1,0,secondaire,1985,2005,2009
C0950003,1,1,0,superieur,1985,2008,2009
C0958001,1,0,0,secondaire,1999,2002,2009
C0961001,1,0,0,secondaire,2007,2009,2009
C0979002,1,1,0,secondaire,1977,1979,2009
C0980003,1,0,0,secondaire,2006,2007,2009
C0983001,1,0,0,secondaire,1984,1988,2009
C0984001,1,0,0,secondaire,1991,1993,2010
C0986002,1,1,0,secondaire,2002,2004,2009
C0987002,1,1,0,secondaire,2008,2009,2009
C0992001,1,0,0,secondaire,1988,1994,2009
C0999001,1,0,0,superieur,1994,1996,2009
C1000001,1,0,0,secondaire,1984,1987,2009
C1003002,1,1,0,secondaire,1994,1998,2009
C1025003,1,0,0,secondaire,1996,1998,2009
C1031003,1,1,0,secondaire,2003,2007,2009
C1033001,1,0,0,secondaire,1988,1989,2009
C1033003,1,1,0,secondaire,1993,2009,2009
C1034001,1,0,0,aucun-primaire,1999,2001,2009
C1037001,1,0,0,secondaire,1988,1998,2009
C1050004,1,0,0,aucun-primaire,2001,2007,2009
C1054001,1,0,0,secondaire,1992,1999,2009
C1060002,1,0,0,secondaire,1990,1992,2009
C1065003,1,0,0,secondaire,2006,2009,2009
C1080001,1,0,0,superieur,2001,2005,2009
C1086001,1,0,0,secondaire,1991,1995,2009
C1089001,1,0,0,secondaire,1994,1999,2009
C1091001,1,0,0,secondaire,1991,1992,2009
C1091001,2,0,0,secondaire,1993,1996,2009
C1091002,1,1,0,secondaire,1992,1993,2009
C1096002,1,1,0,secondaire,1993,1994,2009
C1096002,2,1,0,secondaire,1995,1997,2009
C1105007,1,0,0,secondaire,2002,2004,2009
C1114001,1,0,0,secondaire,1989,1994,2009
C1115001,1,0,0,superieur,1970,1973,2009
C1117001,1,0,0,secondaire,2003,2004,2009
C1120003,1,0,0,secondaire,2004,2007,2009
C1129001,1,1,0,secondaire,1994,1997,2009
C1134004,1,0,0,superieur,2002,2004,2009
C1135002,1,1,0,secondaire,1980,1989,2009
C1151002,1,1,0,aucun-primaire,1992,1996,2009
C1154001,1,0,0,superieur,2001,2006,2009
C1170001,1,0,0,secondaire,1995,1997,2009
C1187001,1,1,0,secondaire,1980,1980,2009
C1191001,1,0,0,secondaire,1989,1997,2009
C1191001,2,0,0,secondaire,2001,2004,2009
C1191002,1,1,0,secondaire,2001,2004,2009
C1194001,1,0,0,secondaire,1992,1994,2009
C1199003,1,1,0,secondaire,2007,2008,2009
C1201005,1,0,0,secondaire,1993,1997,2009
C1206004,1,1,0,secondaire,2007,2008,2009
C1210002,1,1,0,secondaire,2003,2004,2009
C1211002,1,0,0,secondaire,1992,1993,2009
C1219001,1,0,0,superieur,1991,2004,2009
C1220001,1,0,0,secondaire,1994,1998,2009
C1222001,1,0,0,superieur,2001,2003,2009
C1222003,1,0,0,secondaire,2001,2006,2009
C1222004,1,1,0,secondaire,2003,2005,2009
C1231001,1,0,0,secondaire,1994,1998,2009
C1238001,1,0,0,secondaire,2006,2008,2009
C1245004,1,0,0,secondaire,2007,2008,2009
C1249001,1,0,0,secondaire,1992,1994,2009
C1249001,2,0,0,secondaire,1995,1997,2009
C1250015,1,0,0,secondaire,1998,2008,2009
C1252001,1,1,0,aucun-primaire,1976,1981,2009
C1255002,1,1,0,secondaire,2000,2003,2009
C1255002,2,1,0,secondaire,2006,2006,2009
C1271001,1,0,0,aucun-primaire,1989,1993,2009
C1271001,2,0,0,aucun-primaire,2002,2004,2009
C1288003,1,0,0,secondaire,2002,2003,2009
C1289001,1,0,0,aucun-primaire,1961,1971,2009
C1302002,1,0,0,secondaire,2003,2005,2009
C1309004,1,0,0,secondaire,2000,2000,2009
C1309004,2,0,0,secondaire,2000,2006,2009
C1311002,1,0,0,secondaire,2000,2004,2009
C1313001,1,0,0,superieur,1960,1961,2009
C1316001,1,0,0,superieur,2005,2005,2009
C1317001,1,0,0,superieur,1987,1989,2009
C1317002,1,1,0,superieur,1986,1989,2009
C1320001,1,1,0,secondaire,2000,2003,2009
C1321004,1,0,0,superieur,2007,2009,2009
C1328001,1,0,0,superieur,1989,1994,2009
C1328001,2,0,0,superieur,1994,1996,2009
C1328002,1,1,0,superieur,1994,1996,2009
C1333003,1,1,0,superieur,1985,1987,2009
C1333003,2,1,0,superieur,1989,1993,2009
C1340001,1,0,0,superieur,2001,2003,2009
C1347001,1,0,0,superieur,1996,1998,2009
C1347003,1,1,0,superieur,2003,2004,2009
C1348001,1,0,0,secondaire,1999,2005,2009
C1351002,1,1,0,superieur,1976,1987,2009
C1364001,1,0,0,superieur,1999,2006,2009
C1364002,1,1,0,superieur,2000,2008,2009
C1385004,1,1,0,superieur,1987,1989,2009
C1388001,1,0,0,secondaire,2000,2004,2009
C1403001,1,0,0,superieur,1999,2002,2009
C1403001,2,0,0,superieur,2002,2004,2009
C1403001,3,0,0,superieur,2004,2006,2009
C1403001,4,0,0,superieur,2006,2007,2009
C1413001,1,1,0,secondaire,2004,2006,2009
C1415001,1,0,0,superieur,2001,2006,2009
C1416002,1,1,0,secondaire,1996,2006,2009
C1419001,1,0,0,superieur,1976,1978,2009
C1427001,1,0,0,secondaire,1960,1964,2009
C1434002,1,1,0,secondaire,2000,2004,2009
C1437003,1,1,0,aucun-primaire,2008,2009,2009
C1444001,1,0,0,superieur,1984,1986,2009
C1446002,1,1,0,secondaire,2006,2008,2009
C1448001,1,0,0,secondaire,1990,1995,2009
C1448002,1,1,0,secondaire,2003,2006,2009
C1452001,1,0,0,superieur,1981,1990,2009
C1458001,1,1,0,aucun-primaire,1981,1988,2009
C1463006,1,0,0,secondaire,1991,1992,2009
C1463006,2,0,0,secondaire,1993,2006,2009
C1464001,1,0,0,secondaire,1991,1998,2009
C1467002,1,1,0,secondaire,1993,1994,2009
C1468001,1,0,0,secondaire,1983,1984,2009
C1470001,1,0,0,secondaire,1986,1987,2009
C1473001,1,0,0,superieur,2000,2004,2009
C1473002,1,1,0,secondaire,2003,2004,2009
C1475003,1,0,0,superieur,1967,1977,2009
C1475003,2,0,0,superieur,1977,1979,2009
C1475003,3,0,0,superieur,1979,1985,2009
C1481003,1,0,0,secondaire,1999,2004,2009
C1482001,1,0,0,superieur,1973,1974,2009
C1482001,2,0,0,superieur,1975,1976,2009
C1493002,1,1,0,secondaire,1985,1987,2009
C1499001,1,0,0,secondaire,1985,1997,2009
C1501003,1,1,0,secondaire,2003,2005,2009
C1504001,1,0,0,secondaire,1982,1984,2009
C1510001,1,0,0,secondaire,1994,1996,2009
C1513002,1,0,0,secondaire,2004,2006,2009
C1514002,1,1,0,secondaire,2007,2008,2009
C1515001,1,0,0,secondaire,1994,1998,2009
C1517003,1,0,0,secondaire,1989,1992,2009
C1517003,2,0,0,secondaire,1993,1997,2009
C1517003,3,0,0,secondaire,2000,2008,2009
C1518001,1,0,0,secondaire,2003,2003,2009
C1518001,2,0,0,secondaire,2003,2006,2009
C1519001,1,0,0,superieur,2000,2004,2009
C1520003,1,0,0,secondaire,2004,2008,2009
C1522001,1,0,0,superieur,1964,1974,2009
C1523001,1,0,0,secondaire,2001,2001,2009
C1524001,1,1,0,aucun-primaire,1984,1988,2009
C1524001,2,1,0,aucun-primaire,1988,1988,2009
C1524002,1,0,0,superieur,1984,1988,2009
C1524002,2,0,0,superieur,1988,1988,2009
C1534001,1,0,0,secondaire,1998,1999,2009
C1537001,1,0,0,superieur,2000,2002,2009
C1541001,1,0,0,superieur,2005,2008,2009
C1541002,1,1,0,superieur,2006,2008,2008
C1543001,1,0,0,superieur,1974,1980,2009
C1550001,1,0,0,secondaire,1993,1995,2009
C1562001,1,0,0,secondaire,1996,2002,2009
C1563001,1,0,0,superieur,1987,1988,2009
C1563007,1,0,0,secondaire,1986,1992,2009
C1570004,1,0,0,secondaire,1998,2000,2009
C1570005,1,0,0,secondaire,2000,2004,2009
C1570006,1,0,0,secondaire,1999,2001,2009
C1570007,1,0,0,secondaire,2001,2004,2009
C1573001,1,0,0,secondaire,1997,2002,2009
C1579002,1,1,0,secondaire,2005,2006,2009
C1580001,1,0,0,superieur,1993,1998,2009
C1580002,1,1,0,secondaire,1993,1998,2009
C1581001,1,0,0,secondaire,1992,1995,2009
C1583008,1,1,0,secondaire,2000,2001,2009
C1584006,1,0,0,secondaire,1986,1988,2009
C1584007,1,1,0,secondaire,1986,1988,2009
C1585001,1,0,0,superieur,1979,1982,2009
C1601002,1,1,0,superieur,1963,1965,2009
C1601003,1,0,0,superieur,2002,2004,2009
C1619001,1,0,0,secondaire,1975,2007,2009
C1619002,1,1,0,aucun-primaire,1983,2007,2009
C1620001,1,0,0,superieur,1985,2007,2009
C1628003,1,0,0,superieur,2001,2008,2009
C1630003,1,1,0,superieur,2001,2008,2009
C1636003,1,0,0,secondaire,1987,1993,2009
C1638001,1,0,0,superieur,1973,1983,2009
C1642002,1,0,0,secondaire,2000,2008,2009
C1645002,1,1,0,aucun-primaire,2003,2007,2009
C1651002,1,1,0,superieur,1993,1994,2009
C1663001,1,0,0,aucun-primaire,1961,1963,2009
C1699001,1,0,0,secondaire,1991,1992,2009
C1701004,1,0,0,superieur,1965,1967,2009
C1701004,2,0,0,superieur,1969,1973,2009
C1703001,1,0,0,superieur,1978,1980,2009
C1703001,2,0,0,superieur,1982,1985,2009
C1704001,1,0,0,superieur,1981,1987,2009
C1704002,1,1,0,superieur,1981,1987,2009
C1704003,1,0,0,superieur,1981,1987,2009
C1707001,1,0,0,secondaire,2004,2004,2009
C1707001,2,0,0,secondaire,2004,2006,2009
C1719001,1,1,0,secondaire,1974,1990,2009
C1728001,1,0,0,secondaire,1995,1998,2009
C1728001,2,0,0,secondaire,2000,2003,2009
C1743001,1,0,0,secondaire,1994,1995,2009
C1743001,2,0,0,secondaire,1996,1998,2009
C1743002,1,1,0,secondaire,1996,1998,2009
C1749002,1,1,0,secondaire,1992,2003,2009
C1751001,1,0,0,secondaire,1991,1993,2009
C1751001,2,0,0,secondaire,1993,1995,2009
C1751001,3,0,0,secondaire,1997,2000,2009
C1769002,1,1,0,aucun-primaire,2000,2001,2009
C1773001,1,0,0,secondaire,1998,2004,2009
E1,1,0,1,aucun-primaire,1991,1992,2008
E1,2,0,1,aucun-primaire,2001,0,2008
E10,1,0,1,aucun-primaire,1996,0,2008
E100,1,0,1,secondaire,2007,0,2008
E101,1,1,1,aucun-primaire,2006,0,2008
E102,1,1,1,aucun-primaire,2005,0,2008
E103,1,1,1,aucun-primaire,1992,1995,2008
E103,2,1,1,aucun-primaire,1997,0,2008
E104,1,1,1,secondaire,2004,0,2008
E105,1,0,1,aucun-primaire,1992,0,2008
E106,1,0,1,aucun-primaire,2005,2006,2008
E106,2,0,1,aucun-primaire,2006,0,2008
E106,3,0,1,aucun-primaire,2006,2006,2008
E107,1,1,1,aucun-primaire,1991,0,2008
E108,1,0,1,aucun-primaire,1999,2001,2008
E108,2,0,1,aucun-primaire,2001,0,2008
E109,1,1,1,aucun-primaire,1985,1987,2008
E109,2,1,1,aucun-primaire,2004,0,2008
E11,1,0,1,aucun-primaire,1989,2005,2008
E11,2,0,1,aucun-primaire,2006,0,2008
E110,1,0,1,aucun-primaire,2006,0,2008
E111,1,1,1,secondaire,2005,0,2008
E112,1,0,1,aucun-primaire,1999,2000,2008
E112,2,0,1,aucun-primaire,2000,0,2008
E113,1,0,1,aucun-primaire,2001,0,2008
E114,1,0,1,secondaire,1994,0,2008
E115,1,1,1,aucun-primaire,2005,0,2008
E116,1,0,1,aucun-primaire,1981,1986,2008
E116,2,0,1,aucun-primaire,1992,0,2008
E118,1,1,1,aucun-primaire,2005,0,2008
E119,1,1,1,aucun-primaire,2000,0,2008
E12,1,1,1,aucun-primaire,1999,0,2008
E120,1,1,1,superieur,2006,0,2008
E121,1,0,1,aucun-primaire,1999,1999,2008
E121,2,0,1,aucun-primaire,1999,0,2008
E122,1,0,1,aucun-primaire,2004,0,2008
E123,1,0,1,aucun-primaire,2001,0,2008
E124,1,1,1,secondaire,2005,0,2008
E125,1,0,1,aucun-primaire,2006,0,2008
E126,1,1,1,secondaire,1992,0,2008
E127,1,1,1,aucun-primaire,1981,1993,2008
E127,2,1,1,aucun-primaire,1993,0,2008
E128,1,0,1,aucun-primaire,1991,0,2008
E129,1,1,1,superieur,1996,0,2008
E13,1,0,1,secondaire,2000,0,2008
E130,1,1,1,aucun-primaire,1997,0,2008
E132,1,1,1,secondaire,2002,0,2008
E133,1,1,1,aucun-primaire,1987,0,2008
E134,1,0,1,aucun-primaire,1997,0,2008
E135,1,0,1,aucun-primaire,2001,0,2008
E136,1,0,1,aucun-primaire,2000,2001,2008
E136,2,0,1,aucun-primaire,2001,0,2008
E137,1,0,1,superieur,1995,0,2008
E138,1,1,1,aucun-primaire,1995,0,2008
E139,1,0,1,aucun-primaire,2004,0,2008
E14,1,1,1,superieur,1998,0,2008
E140,1,0,1,aucun-primaire,2004,0,2008
E140,2,0,1,aucun-primaire,2004,2004,2008
E141,1,1,1,aucun-primaire,1990,0,2008
E143,1,0,1,aucun-primaire,2003,0,2008
E143,2,0,1,aucun-primaire,2003,2003,2008
E144,1,0,1,superieur,2006,0,2008
E145,1,0,1,aucun-primaire,2007,0,2008
E146,1,1,1,secondaire,2005,0,2008
E147,1,0,1,aucun-primaire,1994,1995,2008
E147,2,0,1,aucun-primaire,1995,0,2008
E148,1,0,1,aucun-primaire,1981,1984,2008
E148,2,0,1,aucun-primaire,1989,0,2008
E148,3,0,1,aucun-primaire,1989,1989,2008
E148,4,0,1,aucun-primaire,1989,1989,2008
E149,1,0,1,aucun-primaire,2002,0,2008
E149,2,0,1,aucun-primaire,2002,2002,2008
E15,1,0,1,aucun-primaire,1988,0,2008
E150,1,0,1,superieur,2000,2001,2008
E150,2,0,1,superieur,2001,0,2008
E151,1,1,1,aucun-primaire,2006,0,2008
E152,1,1,1,aucun-primaire,1994,0,2008
E153,1,0,1,aucun-primaire,2006,0,2008
E154,1,1,1,superieur,1980,0,2008
E155,1,0,1,superieur,1994,0,2008
E156,1,0,1,aucun-primaire,1994,0,2008
E157,1,1,1,superieur,1991,0,2008
E158,1,1,1,aucun-primaire,1992,0,2008
E159,1,0,1,aucun-primaire,1991,0,2008
E16,1,1,1,aucun-primaire,1994,0,2008
E160,1,1,1,aucun-primaire,2005,0,2008
E161,1,1,1,superieur,2004,0,2008
E162,1,0,1,superieur,2000,0,2008
E163,1,1,1,aucun-primaire,2002,0,2008
E164,1,1,1,secondaire,2001,0,2008
E165,1,0,1,aucun-primaire,1974,1983,2008
E165,2,0,1,aucun-primaire,1985,1988,2008
E165,3,0,1,aucun-primaire,1988,0,2008
E166,1,1,1,superieur,1999,0,2008
E167,1,0,1,aucun-primaire,1991,1993,2008
E167,2,0,1,aucun-primaire,1993,0,2008
E169,1,1,1,superieur,2007,0,2008
E17,1,0,1,aucun-primaire,1999,0,2008
E17,2,0,1,aucun-primaire,1999,1999,2008
E171,1,1,1,aucun-primaire,2000,0,2008
E172,1,0,1,aucun-primaire,1999,0,2008
E173,1,0,1,secondaire,1993,1998,2008
E173,2,0,1,secondaire,1998,2002,2008
E173,3,0,1,secondaire,2002,0,2008
E174,1,0,1,aucun-primaire,2002,0,2008
E175,1,1,1,secondaire,2007,0,2008
E176,1,1,1,superieur,2003,0,2008
E177,1,0,1,secondaire,1999,0,2008
E178,1,0,1,secondaire,2003,0,2008
E179,1,0,1,superieur,1998,0,2008
E18,1,0,1,secondaire,1986,2007,2008
E18,2,0,1,secondaire,2007,0,2008
E180,1,0,1,superieur,2003,0,2008
E181,1,0,1,superieur,1993,1995,2008
E181,2,0,1,superieur,2000,2001,2008
E181,3,0,1,superieur,2001,0,2008
E182,1,1,1,secondaire,2002,2006,2008
E182,2,1,1,secondaire,2006,0,2008
E183,1,0,1,superieur,2001,0,2008
E184,1,1,1,aucun-primaire,2001,2003,2008
E184,2,1,1,aucun-primaire,2005,0,2008
E185,1,1,1,secondaire,2002,2003,2008
E185,2,1,1,secondaire,2003,0,2008
E186,1,0,1,aucun-primaire,2003,2004,2008
E186,2,0,1,aucun-primaire,2004,0,2008
E187,1,0,1,aucun-primaire,2004,0,2008
E188,1,0,1,aucun-primaire,2006,0,2008
E189,1,0,1,aucun-primaire,2004,0,2008
E19,1,0,1,aucun-primaire,2001,0,2008
E190,1,0,1,aucun-primaire,2007,0,2008
E191,1,1,1,superieur,1985,0,2008
E192,1,0,1,superieur,2007,0,2008
E193,1,1,1,aucun-primaire,1997,0,2008
E194,1,1,1,superieur,2003,0,2008
E194,2,1,1,superieur,2003,2003,2008
E194,3,1,1,superieur,2007,2007,2008
E195,1,0,1,secondaire,1984,0,2008
E196,1,0,1,secondaire,1996,1997,2008
E196,2,0,1,secondaire,1997,0,2008
E197,1,1,1,secondaire,2004,0,2008
E198,1,0,1,superieur,2001,2004,2008
E198,2,0,1,superieur,2004,0,2008
E199,1,1,1,secondaire,2000,0,2008
E2,1,0,1,aucun-primaire,1998,1999,2008
E2,2,0,1,aucun-primaire,1999,0,2008
E20,1,1,1,aucun-primaire,2003,0,2008
E200,1,1,1,superieur,2001,0,2008
E21,1,1,1,aucun-primaire,1990,0,2008
E22,1,1,1,aucun-primaire,1998,0,2008
E23,1,1,1,superieur,2001,2005,2008
E23,2,1,1,superieur,2005,0,2008
E24,1,0,1,superieur,1998,0,2008
E25,1,0,1,aucun-primaire,2003,0,2008
E26,1,1,1,aucun-primaire,1990,0,2008
E27,1,1,1,secondaire,2005,0,2008
E28,1,0,1,aucun-primaire,2006,0,2008
E29,1,0,1,aucun-primaire,1996,2001,2008
E29,2,0,1,aucun-primaire,2001,0,2008
E3,1,1,1,aucun-primaire,2004,0,2008
E30,1,0,1,aucun-primaire,1977,1980,2008
E30,2,0,1,aucun-primaire,1980,1982,2008
E30,3,0,1,aucun-primaire,1992,2002,2008
E30,4,0,1,aucun-primaire,2003,0,2008
E31,1,1,1,aucun-primaire,1993,0,2008
E32,1,0,1,aucun-primaire,1997,0,2008
E33,1,1,1,aucun-primaire,1992,0,2008
E34,1,0,1,aucun-primaire,1997,1997,2008
E34,2,0,1,aucun-primaire,1997,1998,2008
E34,3,0,1,aucun-primaire,1998,0,2008
E35,1,1,1,aucun-primaire,1999,0,2008
E37,1,1,1,superieur,2001,0,2008
E38,1,0,1,superieur,2002,2002,2008
E38,2,0,1,superieur,2002,0,2008
E39,1,1,1,secondaire,2002,2002,2008
E39,2,1,1,secondaire,2003,0,2008
E4,1,1,1,aucun-primaire,1998,0,2008
E40,1,1,1,aucun-primaire,2005,0,2008
E41,1,1,1,superieur,2002,0,2008
E42,1,1,1,superieur,2004,0,2008
E43,1,1,1,aucun-primaire,2003,2005,2008
E43,2,1,1,aucun-primaire,2005,0,2008
E44,1,1,1,superieur,2000,0,2008
E45,1,1,1,aucun-primaire,2004,0,2008
E46,1,0,1,secondaire,1983,1990,2008
E46,2,0,1,secondaire,1990,1992,2008
E46,3,0,1,secondaire,1992,0,2008
E47,1,1,1,superieur,1962,1966,2008
E47,2,1,1,superieur,1993,0,2008
E49,1,0,1,aucun-primaire,1999,0,2008
E5,1,1,1,secondaire,1999,0,2008
E50,1,0,1,secondaire,1983,1983,2008
E50,2,0,1,secondaire,1983,0,2008
E50,3,0,1,secondaire,1983,1983,2008
E50,4,0,1,secondaire,1983,1983,2008
E51,1,0,1,superieur,2001,0,2008
E52,1,0,1,secondaire,1987,1990,2008
E52,2,0,1,secondaire,1990,1991,2008
E52,3,0,1,secondaire,1991,0,2008
E53,1,1,1,secondaire,2000,0,2008
E54,1,0,1,secondaire,1987,0,2008
E55,1,0,1,aucun-primaire,1991,0,2008
E56,1,0,1,aucun-primaire,1988,0,2008
E57,1,1,1,secondaire,1994,0,2008
E58,1,1,1,secondaire,2002,0,2008
E59,1,1,1,aucun-primaire,1982,1988,2008
E59,2,1,1,aucun-primaire,2000,0,2008
E6,1,0,1,aucun-primaire,1998,2003,2008
E6,2,0,1,aucun-primaire,2008,0,2008
E60,1,1,1,superieur,2005,0,2008
E61,1,0,1,superieur,2003,0,2008
E62,1,1,1,aucun-primaire,1993,1998,2008
E62,2,1,1,aucun-primaire,1999,0,2008
E63,1,1,1,aucun-primaire,1990,0,2008
E64,1,0,1,aucun-primaire,2001,2001,2008
E64,2,0,1,aucun-primaire,2002,2002,2008
E64,3,0,1,aucun-primaire,2006,0,2008
E65,1,1,1,superieur,2000,0,2008
E66,1,1,1,aucun-primaire,1992,0,2008
E67,1,1,1,secondaire,1998,0,2008
E68,1,1,1,secondaire,1985,0,2008
E69,1,1,1,superieur,2000,0,2008
E7,1,1,1,superieur,1998,2002,2008
E7,2,1,1,superieur,2002,0,2008
E70,1,1,1,aucun-primaire,1990,0,2008
E71,1,0,1,secondaire,1999,0,2008
E72,1,1,1,aucun-primaire,1998,2000,2008
E72,2,1,1,aucun-primaire,2000,0,2008
E73,1,1,1,aucun-primaire,1998,0,2008
E74,1,1,1,superieur,2003,0,2008
E75,1,0,1,secondaire,2002,0,2008
E76,1,0,1,aucun-primaire,2007,0,2008
E77,1,0,1,superieur,1985,1986,2008
E77,2,0,1,superieur,1987,1988,2008
E77,3,0,1,superieur,1989,1990,2008
E77,4,0,1,superieur,1991,1998,2008
E77,5,0,1,superieur,1998,1999,2008
E77,6,0,1,superieur,1999,0,2008
E78,1,0,1,aucun-primaire,2006,0,2008
E8,1,1,1,aucun-primaire,1988,0,2008
E80,1,1,1,aucun-primaire,1990,0,2008
E81,1,1,1,aucun-primaire,1988,0,2008
E82,1,1,1,aucun-primaire,2003,0,2008
E83,1,1,1,superieur,1990,0,2008
E84,1,0,1,aucun-primaire,1999,2004,2008
E84,2,0,1,aucun-primaire,2004,0,2008
E85,1,0,1,aucun-primaire,1987,1990,2008
E85,2,0,1,aucun-primaire,1993,1996,2008
E85,3,0,1,aucun-primaire,2004,0,2008
E86,1,0,1,aucun-primaire,1983,0,2008
E87,1,1,1,aucun-primaire,2002,0,2008
E88,1,1,1,aucun-primaire,2005,0,2008
E89,1,1,1,superieur,1999,0,2008
E9,1,0,1,aucun-primaire,1984,1990,2008
E9,2,0,1,aucun-primaire,2000,0,2008
E90,1,1,1,secondaire,1993,0,2008
E91,1,0,1,aucun-primaire,2004,0,2008
E92,1,1,1,secondaire,1997,0,2008
E93,1,1,1,aucun-primaire,2004,2006,2008
E93,2,1,1,aucun-primaire,2006,0,2008
E94,1,1,1,aucun-primaire,1995,0,2008
E95,1,1,1,aucun-primaire,1993,0,2008
E96,1,1,1,secondaire,1990,0,2008
E97,1,0,1,secondaire,1978,0,2008
E98,1,0,1,aucun-primaire,2003,0,2008
E99,1,1,1,superieur,1985,0,2008
F1,1,1,1,aucun-primaire,1964,0,2008
F10,1,1,1,superieur,2001,0,2008
F100,1,1,1,aucun-primaire,1993,0,2008
F101,1,1,1,superieur,1999,0,2008
F102,1,0,1,secondaire,1972,1976,2008
F102,2,0,1,secondaire,1976,1977,2008
F102,3,0,1,secondaire,1978,1981,2008
F102,4,0,1,secondaire,1981,1991,2008
F102,5,0,1,secondaire,1991,1992,2008
F102,6,0,1,secondaire,1992,1999,2008
F102,7,0,1,secondaire,2002,2004,2008
F102,8,0,1,secondaire,2004,0,2008
F103,1,0,1,secondaire,1992,0,2008
F104,1,1,1,superieur,1999,0,2008
F105,1,0,1,superieur,1997,0,2008
F106,1,1,1,superieur,1989,0,2008
F107,1,0,1,superieur,2004,2004,2008
F107,2,0,1,superieur,2004,0,2008
F107,3,0,1,superieur,2004,2004,2008
F108,1,0,1,superieur,1984,1992,2008
F108,2,0,1,superieur,2000,0,2008
F109,1,0,1,aucun-primaire,1965,1968,2008
F109,2,0,1,aucun-primaire,1974,1981,2008
F109,3,0,1,aucun-primaire,1993,1996,2008
F109,4,0,1,aucun-primaire,1999,2002,2008
F109,5,0,1,aucun-primaire,2004,0,2008
F11,1,1,1,superieur,1981,1997,2008
F11,2,1,1,superieur,1999,0,2008
F110,1,0,1,superieur,1987,0,2008
F111,1,0,1,superieur,1988,0,2008
F112,1,1,1,secondaire,1968,0,2008
F113,1,1,1,aucun-primaire,2001,0,2008
F114,1,1,1,superieur,2004,2006,2008
F114,2,1,1,superieur,2006,0,2008
F115,1,0,1,aucun-primaire,2007,2007,2008
F115,2,0,1,aucun-primaire,2007,0,2008
F116,1,0,1,superieur,2001,0,2008
F117,1,1,1,secondaire,2000,0,2008
F118,1,1,1,superieur,2000,2001,2008
F118,2,1,1,superieur,2001,2002,2008
F118,3,1,1,superieur,2002,0,2008
F119,1,0,1,secondaire,1971,0,2008
F12,1,1,1,secondaire,2000,0,2008
F120,1,1,1,superieur,2005,0,2008
F121,1,0,1,aucun-primaire,1993,1995,2008
F121,2,0,1,aucun-primaire,1998,2008,2008
F121,3,0,1,aucun-primaire,2008,0,2008
F122,1,0,1,aucun-primaire,1975,0,2008
F123,1,0,1,superieur,1997,0,2008
F124,1,0,1,superieur,1999,0,2008
F125,1,0,1,superieur,1992,0,2008
F126,1,0,1,superieur,1999,0,2008
F127,1,0,1,superieur,1989,1996,2008
F127,2,0,1,superieur,1996,1997,2008
F127,3,0,1,superieur,1997,1997,2008
F127,4,0,1,superieur,1997,1998,2008
F127,5,0,1,superieur,1998,2000,2008
F127,6,0,1,superieur,2000,0,2008
F128,1,0,1,aucun-primaire,1970,0,2008
F129,1,0,1,superieur,2007,0,2008
F13,1,1,1,aucun-primaire,2000,0,2008
F130,1,1,1,superieur,2001,0,2008
F131,1,0,1,superieur,2002,0,2008
F132,1,0,1,superieur,1999,0,2008
F133,1,0,1,superieur,1994,0,2008
F134,1,0,1,secondaire,1977,1980,2008
F134,2,0,1,secondaire,1981,0,2008
F134,3,0,1,secondaire,1981,1981,2008
F134,4,0,1,secondaire,1984,1984,2008
F134,5,0,1,secondaire,1988,1988,2008
F135,1,0,1,secondaire,2000,0,2008
F136,1,0,1,superieur,2007,0,2008
F137,1,0,1,superieur,2002,0,2008
F138,1,0,1,secondaire,1973,0,2008
F139,1,0,1,superieur,2001,0,2008
F14,1,0,1,superieur,1986,0,2008
F140,1,0,1,superieur,1983,0,2008
F141,1,1,1,aucun-primaire,2000,0,2008
F142,1,1,1,aucun-primaire,1994,0,2008
F143,1,0,1,superieur,2006,0,2008
F144,1,1,1,superieur,1995,0,2008
F145,1,1,1,secondaire,1996,0,2008
F146,1,0,1,superieur,2005,0,2008
F147,1,1,1,superieur,2002,0,2008
F148,1,1,1,superieur,2003,0,2008
F149,1,1,1,aucun-primaire,1983,0,2008
F15,1,0,1,superieur,1996,0,2008
F150,1,1,1,secondaire,1982,1983,2008
F150,2,1,1,secondaire,1983,1984,2008
F150,3,1,1,secondaire,1999,0,2008
F151,1,0,1,superieur,2006,2007,2008
F151,2,0,1,superieur,2007,0,2008
F152,1,0,1,superieur,2007,0,2008
F153,1,1,1,superieur,1998,0,2008
F154,1,1,1,superieur,2000,0,2008
F155,1,0,1,superieur,1981,1991,2008
F155,2,0,1,superieur,1991,1993,2008
F155,3,0,1,superieur,1993,0,2008
F156,1,1,1,secondaire,1987,0,2008
F157,1,1,1,superieur,1993,0,2008
F158,1,0,1,superieur,1974,1977,2008
F158,2,0,1,superieur,1979,0,2008
F159,1,0,1,aucun-primaire,1988,0,2008
F16,1,0,1,superieur,1998,2003,2008
F16,2,0,1,superieur,2003,0,2008
F160,1,1,1,secondaire,2001,0,2008
F161,1,0,1,superieur,1985,0,2008
F162,1,0,1,aucun-primaire,2002,0,2008
F163,1,0,1,superieur,1990,0,2008
F164,1,1,1,superieur,1982,1989,2008
F164,2,1,1,superieur,1989,1991,2008
F164,3,1,1,superieur,1997,0,2008
F165,1,1,1,superieur,1993,0,2008
F166,1,0,1,superieur,1983,0,2008
F167,1,0,1,aucun-primaire,1972,0,2008
F167,2,0,1,aucun-primaire,1972,1972,2008
F167,3,0,1,aucun-primaire,1972,1972,2008
F167,4,0,1,aucun-primaire,1972,1972,2008
F167,5,0,1,aucun-primaire,1972,1972,2008
F167,6,0,1,aucun-primaire,1972,1972,2008
F167,7,0,1,aucun-primaire,1972,1972,2008
F167,8,0,1,aucun-primaire,1972,1972,2008
F167,9,0,1,aucun-primaire,1972,1972,2008
F168,1,1,1,superieur,1998,0,2008
F169,1,0,1,superieur,2005,2005,2008
F169,2,0,1,superieur,2005,0,2008
F17,1,0,1,aucun-primaire,1980,1983,2008
F17,2,0,1,aucun-primaire,1983,0,2008
F170,1,0,1,superieur,1990,0,2008
F171,1,0,1,superieur,1999,2001,2008
F171,2,0,1,superieur,2001,0,2008
F172,1,0,1,aucun-primaire,1985,0,2008
F173,1,0,1,superieur,1988,0,2008
F174,1,0,1,superieur,2000,0,2008
F175,1,1,1,superieur,1978,0,2008
F176,1,0,1,superieur,2003,2003,2008
F176,2,0,1,superieur,2003,0,2008
F177,1,1,1,superieur,2000,0,2008
F178,1,0,1,superieur,1979,1994,2008
F178,2,0,1,superieur,2001,0,2008
F179,1,1,1,superieur,2001,0,2008
F180,1,0,1,aucun-primaire,1985,0,2008
F181,1,0,1,secondaire,1994,0,2008
F182,1,1,1,aucun-primaire,1992,1999,2008
F182,2,1,1,aucun-primaire,1999,0,2008
F183,1,1,1,aucun-primaire,1995,0,2008
F185,1,0,1,superieur,1989,0,2008
F186,1,1,1,superieur,2002,0,2008
F187,1,0,1,secondaire,1983,1985,2008
F187,2,0,1,secondaire,1994,1995,2008
F187,3,0,1,secondaire,1995,1997,2008
F187,4,0,1,secondaire,1997,0,2008
F188,1,0,1,aucun-primaire,2000,0,2008
F189,1,1,1,aucun-primaire,1987,0,2008
F19,1,1,1,aucun-primaire,2002,0,2008
F190,1,0,1,aucun-primaire,1980,0,2008
F191,1,0,1,secondaire,1989,1999,2008
F191,2,0,1,secondaire,1999,0,2008
F192,1,1,1,superieur,2005,0,2008
F193,1,1,1,superieur,1991,1994,2008
F193,2,1,1,superieur,1999,0,2008
F194,1,0,1,superieur,2000,0,2008
F195,1,0,1,aucun-primaire,1987,0,2008
F196,1,0,1,superieur,1998,0,2008
F197,1,1,1,secondaire,1997,0,2008
F198,1,0,1,superieur,1975,0,2008
F199,1,0,1,superieur,2001,0,2008
F2,1,1,1,aucun-primaire,1988,0,2008
F20,1,1,1,aucun-primaire,1990,0,2008
F200,1,0,1,superieur,2003,0,2008
F21,1,0,1,secondaire,2001,0,2008
F22,1,0,1,superieur,2005,2005,2008
F22,2,0,1,superieur,2005,0,2008
F23,1,0,1,superieur,2000,0,2008
F24,1,0,1,secondaire,1989,0,2008
F25,1,0,1,secondaire,2003,0,2008
F26,1,1,1,superieur,2006,0,2008
F27,1,0,1,aucun-primaire,1989,0,2008
F28,1,1,1,secondaire,2000,2005,2008
F28,2,1,1,secondaire,2005,0,2008
F29,1,0,1,secondaire,2003,0,2008
F3,1,1,1,secondaire,2002,0,2008
F30,1,1,1,aucun-primaire,1981,0,2008
F31,1,0,1,aucun-primaire,1998,1998,2008
F31,2,0,1,aucun-primaire,1998,1999,2008
F31,3,0,1,aucun-primaire,1999,1999,2008
F31,4,0,1,aucun-primaire,1999,0,2008
F32,1,0,1,superieur,2006,0,2008
F33,1,0,1,superieur,2000,0,2008
F34,1,1,1,aucun-primaire,2003,0,2008
F35,1,1,1,secondaire,2001,0,2008
F36,1,0,1,aucun-primaire,1984,0,2008
F37,1,0,1,secondaire,1990,0,2008
F38,1,1,1,secondaire,1999,0,2008
F39,1,0,1,superieur,2005,0,2008
F4,1,0,1,aucun-primaire,1980,0,2008
F40,1,1,1,secondaire,2003,0,2008
F41,1,1,1,superieur,1981,0,2008
F42,1,0,1,superieur,1988,1993,2008
F42,2,0,1,superieur,2002,0,2008
F43,1,1,1,superieur,1978,0,2008
F44,1,0,1,aucun-primaire,1976,1976,2008
F44,2,0,1,aucun-primaire,1976,1977,2008
F44,3,0,1,aucun-primaire,1977,1981,2008
F44,4,0,1,aucun-primaire,1981,0,2008
F44,5,0,1,aucun-primaire,1993,1993,2008
F45,1,1,1,superieur,2002,0,2008
F46,1,0,1,aucun-primaire,1957,1959,2008
F46,2,0,1,aucun-primaire,1967,0,2008
F47,1,1,1,secondaire,2004,0,2008
F48,1,1,1,superieur,2003,2003,2008
F48,2,1,1,superieur,2005,0,2008
F49,1,0,1,superieur,1984,1990,2008
F49,2,0,1,superieur,1992,1996,2008
F49,3,0,1,superieur,1996,0,2008
F5,1,1,1,superieur,2000,0,2008
F50,1,1,1,superieur,2001,0,2008
F51,1,1,1,superieur,1989,0,2008
F52,1,0,1,superieur,2005,2006,2008
F52,2,0,1,superieur,2006,2006,2008
F52,3,0,1,superieur,2006,2006,2008
F52,4,0,1,superieur,2006,2006,2008
F52,5,0,1,superieur,2006,0,2008
F53,1,1,1,superieur,1999,0,2008
F54,1,1,1,superieur,1953,1971,2008
F54,2,1,1,superieur,1975,1976,2008
F54,3,1,1,superieur,1976,0,2008
F55,1,1,1,aucun-primaire,1990,1997,2008
F55,2,1,1,aucun-primaire,2000,0,2008
F56,1,1,1,aucun-primaire,1977,1992,2008
F56,2,1,1,aucun-primaire,1992,0,2008
F57,1,0,1,superieur,1999,0,2008
F58,1,0,1,aucun-primaire,1986,0,2008
F59,1,1,1,aucun-primaire,1981,0,2008
F6,1,1,1,secondaire,1994,0,2008
F60,1,0,1,aucun-primaire,1990,1999,2008
F60,2,0,1,aucun-primaire,2002,0,2008
F61,1,1,1,superieur,1991,0,2008
F62,1,0,1,aucun-primaire,1980,0,2008
F63,1,1,1,aucun-primaire,1972,0,2008
F64,1,0,1,superieur,1998,0,2008
F65,1,0,1,superieur,1979,0,2008
F66,1,1,1,superieur,2000,0,2008
F67,1,0,1,superieur,1984,1988,2008
F67,2,0,1,superieur,1988,1991,2008
F67,3,0,1,superieur,1991,1996,2008
F67,4,0,1,superieur,1997,0,2008
F68,1,1,1,aucun-primaire,2000,2004,2008
F68,2,1,1,aucun-primaire,2004,0,2008
F69,1,0,1,aucun-primaire,1973,0,2008
F7,1,1,1,aucun-primaire,1985,0,2008
F70,1,1,1,secondaire,1996,0,2008
F71,1,1,1,secondaire,1987,1994,2008
F71,2,1,1,secondaire,1994,0,2008
F72,1,1,1,superieur,1984,0,2008
F73,1,0,1,superieur,1991,0,2008
F74,1,1,1,aucun-primaire,1996,0,2008
F75,1,1,1,aucun-primaire,1983,0,2008
F77,1,1,1,superieur,1994,0,2008
F78,1,0,1,aucun-primaire,1987,0,2008
F79,1,1,1,superieur,2001,0,2008
F8,1,1,1,aucun-primaire,1974,0,2008
F80,1,1,1,secondaire,1984,0,2008
F81,1,1,1,superieur,1997,0,2008
F82,1,0,1,aucun-primaire,1981,0,2008
F82,2,0,1,aucun-primaire,1981,1981,2008
F83,1,0,1,superieur,1982,0,2008
F84,1,1,1,superieur,1999,0,2008
F85,1,0,1,aucun-primaire,1986,0,2008
F86,1,1,1,superieur,2005,0,2008
F87,1,0,1,aucun-primaire,1975,1975,2008
F87,2,0,1,aucun-primaire,1975,0,2008
F88,1,1,1,secondaire,2002,0,2008
F89,1,1,1,aucun-primaire,1973,0,2008
F9,1,1,1,superieur,2002,0,2008
F90,1,1,1,secondaire,1991,0,2008
F91,1,0,1,superieur,1988,0,2008
F92,1,1,1,superieur,1980,0,2008
F93,1,0,1,superieur,1982,1982,2008
F93,2,0,1,superieur,1996,0,2008
F94,1,0,1,superieur,1974,0,2008
F95,1,0,1,superieur,2005,0,2008
F96,1,0,1,aucun-primaire,1985,1989,2008
F96,2,0,1,aucun-primaire,1989,1991,2008
F96,3,0,1,aucun-primaire,1991,0,2008
F97,1,0,1,aucun-primaire,2001,0,2008
F98,1,1,1,aucun-primaire,1973,0,2008
F99,1,1,1,superieur,1999,0,2008
I1,1,0,1,superieur,2007,0,2008
I10,1,1,1,aucun-primaire,2004,0,2008
I100,1,1,1,aucun-primaire,2005,0,2008
I101,1,1,1,aucun-primaire,2001,0,2008
I103,1,1,1,aucun-primaire,2001,0,2008
I104,1,0,1,aucun-primaire,2000,2000,2008
I104,2,0,1,aucun-primaire,2002,2002,2008
I104,3,0,1,aucun-primaire,2002,0,2008
I105,1,0,1,superieur,1997,1999,2008
I105,2,0,1,superieur,1999,0,2008
I106,1,0,1,aucun-primaire,1995,0,2008
I107,1,0,1,aucun-primaire,2002,0,2008
I107,2,0,1,aucun-primaire,2002,2002,2008
I108,1,0,1,secondaire,2000,0,2008
I108,2,0,1,secondaire,2000,2000,2008
I109,1,0,1,aucun-primaire,1988,0,2008
I11,1,1,1,aucun-primaire,2005,0,2008
I110,1,0,1,superieur,2000,0,2008
I111,1,0,1,secondaire,1985,0,2008
I112,1,1,1,aucun-primaire,2002,0,2008
I113,1,1,1,aucun-primaire,2002,0,2008
I114,1,1,1,aucun-primaire,1998,0,2008
I115,1,1,1,aucun-primaire,2002,0,2008
I116,1,1,1,aucun-primaire,2002,0,2008
I117,1,1,1,aucun-primaire,2003,0,2008
I118,1,1,1,aucun-primaire,2004,0,2008
I119,1,0,1,superieur,2007,0,2008
I12,1,1,1,aucun-primaire,2000,0,2008
I120,1,0,1,superieur,1986,2000,2008
I120,2,0,1,superieur,2000,0,2008
I121,1,1,1,aucun-primaire,1998,0,2008
I122,1,1,1,aucun-primaire,1995,0,2008
I123,1,0,1,superieur,2001,0,2008
I123,2,0,1,superieur,2001,2001,2008
I124,1,0,1,aucun-primaire,1993,0,2008
I125,1,0,1,aucun-primaire,1996,1999,2008
I125,2,0,1,aucun-primaire,1999,0,2008
I126,1,0,1,aucun-primaire,2007,0,2008
I127,1,0,1,aucun-primaire,1982,1982,2008
I127,2,0,1,aucun-primaire,1982,1982,2008
I127,3,0,1,aucun-primaire,1982,0,2008
I128,1,0,1,superieur,1999,1999,2008
I128,2,0,1,superieur,1999,0,2008
I129,1,1,1,aucun-primaire,2004,0,2008
I13,1,1,1,aucun-primaire,2001,0,2008
I130,1,0,1,superieur,2002,2002,2008
I130,2,0,1,superieur,2002,0,2008
I131,1,0,1,aucun-primaire,2005,2006,2008
I131,2,0,1,aucun-primaire,2006,0,2008
I132,1,0,1,aucun-primaire,2003,0,2008
I133,1,0,1,secondaire,2002,0,2008
I134,1,0,1,secondaire,1990,0,2008
I135,1,1,1,aucun-primaire,2000,0,2008
I136,1,0,1,superieur,2002,0,2008
I137,1,0,1,secondaire,1989,0,2008
I138,1,0,1,superieur,2000,0,2008
I139,1,0,1,superieur,1993,0,2008
I14,1,1,1,aucun-primaire,1995,0,2008
I140,1,0,1,secondaire,1997,0,2008
I141,1,0,1,aucun-primaire,1985,0,2008
I142,1,0,1,secondaire,1989,0,2008
I143,1,0,1,aucun-primaire,1985,0,2008
I144,1,1,1,superieur,1998,0,2008
I145,1,0,1,secondaire,1984,0,2008
I146,1,0,1,aucun-primaire,1991,0,2008
I147,1,1,1,superieur,2007,0,2008
I148,1,1,1,secondaire,1996,0,2008
I149,1,0,1,aucun-primaire,2000,0,2008
I15,1,0,1,aucun-primaire,1993,0,2008
I150,1,0,1,secondaire,2001,0,2008
I151,1,1,1,superieur,2002,2003,2008
I151,2,1,1,superieur,2003,0,2008
I152,1,1,1,aucun-primaire,1998,0,2008
I153,1,0,1,secondaire,1989,0,2008
I154,1,0,1,aucun-primaire,1993,0,2008
I155,1,0,1,secondaire,1997,0,2008
I156,1,1,1,secondaire,2001,0,2008
I157,1,0,1,aucun-primaire,1992,0,2008
I158,1,0,1,aucun-primaire,1990,0,2008
I159,1,0,1,superieur,1964,1969,2008
I159,2,0,1,superieur,1982,1991,2008
I159,3,0,1,superieur,1991,0,2008
I159,4,0,1,superieur,1991,1991,2008
I16,1,0,1,aucun-primaire,2006,0,2008
I160,1,0,1,secondaire,2007,0,2008
I160,2,0,1,secondaire,2007,2007,2008
I161,1,0,1,superieur,1998,0,2008
I162,1,0,1,aucun-primaire,2002,2002,2008
I162,2,0,1,aucun-primaire,2002,0,2008
I164,1,0,1,secondaire,1992,0,2008
I164,2,0,1,secondaire,1992,1992,2008
I165,1,0,1,aucun-primaire,2000,2000,2008
I165,2,0,1,aucun-primaire,2000,0,2008
I166,1,0,1,aucun-primaire,1989,1989,2008
I166,2,0,1,aucun-primaire,1989,1989,2008
I166,3,0,1,aucun-primaire,1989,0,2008
I167,1,1,1,secondaire,1999,2002,2008
I167,2,1,1,secondaire,2005,0,2008
I168,1,1,1,superieur,1999,0,2008
I169,1,0,1,aucun-primaire,1991,0,2008
I17,1,1,1,aucun-primaire,1998,0,2008
I170,1,1,1,secondaire,1998,0,2008
I171,1,1,1,aucun-primaire,1984,1990,2008
I171,2,1,1,aucun-primaire,1996,0,2008
I172,1,1,1,secondaire,1995,2004,2008
I172,2,1,1,secondaire,2007,0,2008
I173,1,1,1,aucun-primaire,2005,0,2008
I174,1,0,1,superieur,1999,2002,2008
I174,2,0,1,superieur,2003,2003,2008
I174,3,0,1,superieur,2003,0,2008
I175,1,0,1,secondaire,2007,0,2008
I175,2,0,1,secondaire,2007,2007,2008
I175,3,0,1,secondaire,2007,2007,2008
I176,1,0,1,superieur,1981,1985,2008
I176,2,0,1,superieur,1985,1990,2008
I176,3,0,1,superieur,1990,1992,2008
I176,4,0,1,superieur,1992,1996,2008
I176,5,0,1,superieur,1996,0,2008
I177,1,1,1,secondaire,1997,0,2008
I177,2,1,1,secondaire,1997,1997,2008
I178,1,0,1,secondaire,1998,1998,2008
I178,2,0,1,secondaire,1998,0,2008
I178,3,0,1,secondaire,1998,1998,2008
I179,1,1,1,secondaire,2007,0,2008
I18,1,0,1,superieur,1995,1995,2008
I18,2,0,1,superieur,1996,0,2008
I180,1,0,1,aucun-primaire,2001,0,2008
I181,1,1,1,secondaire,1990,1990,2008
I181,2,1,1,secondaire,1990,0,2008
I182,1,0,1,superieur,1980,1986,2008
I182,2,0,1,superieur,1989,0,2008
I183,1,0,1,secondaire,1983,0,2008
I184,1,0,1,superieur,2005,0,2008
I184,2,0,1,superieur,2005,2005,2008
I185,1,0,1,secondaire,1998,0,2008
I185,2,0,1,secondaire,2007,2007,2008
I186,1,0,1,superieur,1989,0,2008
I187,1,0,1,secondaire,1980,0,2008
I19,1,0,1,aucun-primaire,1994,0,2008
I190,1,0,1,secondaire,2003,0,2008
I191,1,0,1,superieur,1996,0,2008
I192,1,0,1,aucun-primaire,1988,0,2008
I193,1,0,1,secondaire,2005,0,2008
I194,1,0,1,superieur,1988,0,2008
I195,1,0,1,superieur,1996,0,2008
I196,1,0,1,superieur,1995,0,2008
I197,1,0,1,secondaire,2006,0,2008
I198,1,0,1,secondaire,1993,0,2008
I2,1,1,1,secondaire,1983,1991,2008
I2,2,1,1,secondaire,1991,0,2008
I20,1,0,1,aucun-primaire,1990,1999,2008
I20,2,0,1,aucun-primaire,1999,0,2008
I200,1,1,1,aucun-primaire,2004,0,2008
I201,1,1,1,aucun-primaire,2005,0,2008
I202,1,1,1,superieur,1976,1976,2008
I202,2,1,1,superieur,1983,0,2008
I203,1,1,1,superieur,1980,0,2008
I21,1,1,1,secondaire,2004,0,2008
I22,1,1,1,secondaire,2002,0,2008
I23,1,0,1,secondaire,1983,1986,2008
I23,2,0,1,secondaire,1988,1989,2008
I23,3,0,1,secondaire,1989,0,2008
I24,1,1,1,aucun-primaire,2004,0,2008
I25,1,0,1,secondaire,2005,0,2008
I26,1,0,1,aucun-primaire,2003,2007,2008
I26,2,0,1,aucun-primaire,2007,0,2008
I27,1,0,1,aucun-primaire,2002,0,2008
I28,1,0,1,aucun-primaire,1997,2001,2008
I28,2,0,1,aucun-primaire,2001,0,2008
I29,1,0,1,aucun-primaire,1999,0,2008
I3,1,1,1,superieur,2000,0,2008
I30,1,1,1,aucun-primaire,2004,0,2008
I31,1,1,1,aucun-primaire,2005,0,2008
I32,1,0,1,aucun-primaire,2005,0,2008
I33,1,0,1,secondaire,1992,0,2008
I34,1,0,1,secondaire,1985,1995,2008
I34,2,0,1,secondaire,1995,2004,2008
I34,3,0,1,secondaire,2004,0,2008
I35,1,1,1,secondaire,2004,0,2008
I36,1,0,1,secondaire,1995,1996,2008
I36,2,0,1,secondaire,1996,1998,2008
I36,3,0,1,secondaire,1998,2003,2008
I36,4,0,1,secondaire,2003,2004,2008
I36,5,0,1,secondaire,2004,0,2008
I37,1,1,1,superieur,2000,0,2008
I38,1,0,1,superieur,1981,1982,2008
I38,2,0,1,superieur,1982,1986,2008
I38,3,0,1,superieur,1986,1989,2008
I38,4,0,1,superieur,1995,1996,2008
I38,5,0,1,superieur,1997,0,2008
I39,1,1,1,superieur,1994,0,2008
I4,1,0,1,superieur,2006,2006,2008
I4,2,0,1,superieur,2006,0,2008
I40,1,0,1,secondaire,1986,1987,2008
I40,2,0,1,secondaire,1987,0,2008
I41,1,0,1,aucun-primaire,1994,0,2008
I42,1,0,1,superieur,1982,1991,2008
I42,2,0,1,superieur,1991,1993,2008
I42,3,0,1,superieur,1993,0,2008
I43,1,0,1,superieur,1989,0,2008
I44,1,0,1,superieur,1993,1998,2008
I44,2,0,1,superieur,1998,0,2008
I45,1,0,1,superieur,1999,0,2008
I46,1,0,1,superieur,1980,1989,2008
I46,2,0,1,superieur,1989,1991,2008
I46,3,0,1,superieur,1991,0,2008
I47,1,0,1,superieur,1986,1991,2008
I47,2,0,1,superieur,1991,1992,2008
I47,3,0,1,superieur,1995,0,2008
I48,1,1,1,secondaire,1990,2002,2008
I48,2,1,1,secondaire,2002,0,2008
I49,1,1,1,superieur,1997,0,2008
I5,1,1,1,superieur,1997,0,2008
I50,1,0,1,secondaire,2000,0,2008
I51,1,1,1,secondaire,1999,0,2008
I52,1,1,1,secondaire,2000,0,2008
I53,1,0,1,superieur,2000,0,2008
I54,1,1,1,aucun-primaire,2000,0,2008
I55,1,0,1,secondaire,2007,0,2008
I56,1,1,1,secondaire,2000,0,2008
I57,1,0,1,superieur,1995,2001,2008
I57,2,0,1,superieur,2001,0,2008
I58,1,0,1,superieur,2001,0,2008
I59,1,0,1,superieur,2000,0,2008
I6,1,0,1,superieur,2005,2005,2008
I6,2,0,1,superieur,2005,0,2008
I60,1,1,1,aucun-primaire,1998,0,2008
I61,1,0,1,aucun-primaire,2006,0,2008
I62,1,1,1,secondaire,1994,0,2008
I63,1,1,1,secondaire,1989,0,2008
I64,1,0,1,superieur,1986,0,2008
I65,1,0,1,secondaire,2001,0,2008
I66,1,0,1,secondaire,2001,0,2008
I67,1,1,1,superieur,2004,0,2008
I68,1,0,1,aucun-primaire,2000,0,2008
I69,1,0,1,aucun-primaire,2000,0,2008
I7,1,1,1,superieur,2007,0,2008
I70,1,0,1,superieur,2001,0,2008
I71,1,1,1,aucun-primaire,2004,0,2008
I72,1,1,1,aucun-primaire,2005,0,2008
I73,1,0,1,aucun-primaire,1995,1999,2008
I73,2,0,1,aucun-primaire,1999,2005,2008
I73,3,0,1,aucun-primaire,2005,0,2008
I74,1,0,1,secondaire,1988,1992,2008
I74,2,0,1,secondaire,1992,1995,2008
I74,3,0,1,secondaire,2000,0,2008
I75,1,1,1,aucun-primaire,1990,0,2008
I76,1,1,1,superieur,1999,0,2008
I77,1,1,1,secondaire,1995,0,2008
I78,1,0,1,secondaire,1992,1994,2008
I78,2,0,1,secondaire,1994,0,2008
I79,1,0,1,secondaire,2000,0,2008
I8,1,1,1,secondaire,2004,0,2008
I8,2,1,1,secondaire,2004,2004,2008
I80,1,1,1,secondaire,1976,0,2008
I81,1,0,1,secondaire,1993,0,2008
I82,1,1,1,superieur,1997,0,2008
I83,1,1,1,secondaire,1998,1998,2008
I83,2,1,1,secondaire,1998,0,2008
I84,1,1,1,secondaire,1994,0,2008
I85,1,1,1,secondaire,1999,0,2008
I86,1,0,1,secondaire,1990,0,2008
I87,1,0,1,superieur,1993,0,2008
I88,1,1,1,superieur,2002,0,2008
I89,1,0,1,aucun-primaire,2001,0,2008
I9,1,0,1,secondaire,2000,0,2008
I90,1,0,1,superieur,1993,0,2008
I91,1,0,1,secondaire,2008,0,2008
I92,1,0,1,secondaire,1994,0,2008
I93,1,0,1,secondaire,1996,0,2008
I94,1,0,1,superieur,2000,0,2008
I95,1,0,1,secondaire,2002,0,2008
I96,1,1,1,secondaire,1998,0,2008
I97,1,1,1,superieur,1996,1998,2008
I97,2,1,1,superieur,1999,0,2008
I98,1,0,1,secondaire,1988,1992,2008
I98,2,0,1,secondaire,1996,0,2008
I99,1,1,1,aucun-primaire,2005,0,2008
S000401,1,0,1,secondaire,1986,1986,2008
S000403,1,0,1,secondaire,1981,1982,2008
S000901,1,0,1,superieur,1992,1996,2008
S002301,1,0,1,aucun-primaire,1958,1960,2008
S004101,1,0,1,aucun-primaire,1988,1990,2008
S004404,1,0,1,aucun-primaire,1990,1993,2008
S004905,1,1,1,secondaire,1997,1999,2008
S005501,1,1,1,superieur,1993,1994,2008
S005501,2,1,1,superieur,1998,2001,2008
S006302,1,0,1,aucun-primaire,1975,1978,2008
S006509,1,0,1,superieur,1988,1989,2008
S006509,2,0,1,superieur,1989,1989,2008
S006509,3,0,1,superieur,1990,2002,2008
S006509,4,0,1,superieur,2002,2003,2008
S006510,1,0,1,aucun-primaire,1976,1977,2008
S006812,1,0,1,superieur,1990,1994,2008
S006904,1,0,1,superieur,1984,1987,2008
S007302,1,1,1,superieur,1986,1992,2008
S008601,1,1,1,secondaire,1987,1989,2008
S008901,1,0,1,aucun-primaire,1986,1987,2008
S010007,1,1,1,superieur,2000,2000,2008
S010019,1,0,1,superieur,2002,2003,2008
S010025,1,1,1,aucun-primaire,2002,2006,2008
S010416,1,0,1,aucun-primaire,2003,2003,2008
S010501,1,0,1,superieur,1985,1986,2008
S010802,1,0,1,superieur,1976,1989,2008
S011202,1,1,1,secondaire,2005,2008,2008
S012501,1,0,1,aucun-primaire,1987,1987,2008
S012501,2,0,1,aucun-primaire,1989,1990,2008
S012501,3,0,1,aucun-primaire,1996,1997,2008
S012501,4,0,1,aucun-primaire,2000,2001,2008
S013601,1,0,1,superieur,1976,1978,2008
S013601,2,0,1,superieur,1979,1981,2008
S013601,3,0,1,superieur,1986,2005,2008
S014301,1,0,1,aucun-primaire,1991,1992,2008
S014301,2,0,1,aucun-primaire,1996,1997,2008
S015401,1,0,1,superieur,1994,1997,2008
S015401,2,0,1,superieur,1998,2003,2008
S017101,1,0,1,secondaire,1981,1982,2008
S017802,1,1,1,superieur,2002,2004,2008
S018202,1,1,1,secondaire,1951,1953,2008
S018202,2,1,1,secondaire,1953,1954,2008
S018202,3,1,1,secondaire,1954,1955,2008
S018202,4,1,1,secondaire,1955,1956,2008
S018202,5,1,1,secondaire,1973,1974,2008
S018202,6,1,1,secondaire,1991,1994,2008
S019101,1,1,1,aucun-primaire,1989,1993,2008
S019101,2,1,1,aucun-primaire,1993,1996,2008
S019401,1,0,1,superieur,1976,1976,2008
S019701,1,1,1,superieur,1997,2000,2008
S019901,1,0,1,secondaire,1983,2004,2008
S020118,1,1,1,aucun-primaire,1983,1986,2008
S020118,2,1,1,aucun-primaire,1991,2006,2008
S020304,1,1,1,aucun-primaire,1994,1998,2008
S020511,1,0,1,aucun-primaire,2001,2003,2008
S020801,1,1,1,secondaire,1977,1980,2008
S022901,1,0,1,superieur,1991,1997,2008
S023203,1,0,1,secondaire,2000,2000,2008
S026508,1,1,1,secondaire,1992,2000,2008
S026513,1,0,1,secondaire,1992,2000,2008
S026602,1,1,1,secondaire,1999,2001,2008
S026706,1,1,1,aucun-primaire,1980,1995,2008
S026801,1,0,1,aucun-primaire,1983,1986,2008
S026801,2,0,1,aucun-primaire,1988,1994,2008
S027001,1,0,1,superieur,1988,1993,2008
S027001,2,0,1,superieur,1993,1993,2008
S027001,3,0,1,superieur,1993,1993,2008
S027601,1,0,1,superieur,1990,1994,2008
S027801,1,0,1,superieur,1984,1986,2008
S028601,1,0,1,superieur,2005,2007,2008
S029936,1,0,1,secondaire,2000,0,2008
S030401,1,0,1,superieur,1958,1961,2008
S030401,2,0,1,superieur,1963,1964,2008
S030401,3,0,1,superieur,1967,1968,2008
S030602,1,0,1,secondaire,1971,1972,2008
S031801,1,0,1,superieur,1974,1981,2008
S033401,1,0,1,superieur,1936,1939,2008
S033401,2,0,1,superieur,1944,1955,2008
S033401,3,0,1,superieur,1975,1982,2008
S033607,1,0,1,superieur,1993,2003,2008
S034403,1,0,1,superieur,2000,2005,2008
S034901,1,1,1,aucun-primaire,1950,1952,2008
S036601,1,1,1,aucun-primaire,1976,1982,2008
S036601,2,1,1,aucun-primaire,1998,2003,2008
S037501,1,0,1,superieur,1966,1972,2008
S037506,1,1,1,secondaire,1997,2007,2008
S037805,1,1,1,aucun-primaire,1996,2003,2008
S040201,1,0,1,aucun-primaire,1986,1988,2008
S040502,1,0,1,aucun-primaire,1998,2002,2008
S040707,1,0,1,superieur,1995,1998,2008
S040707,2,0,1,superieur,1999,1999,2008
S040707,3,0,1,superieur,2002,2002,2008
S040707,4,0,1,superieur,2007,2007,2008
S040707,5,0,1,superieur,2007,2007,2008
S041008,1,1,1,secondaire,1999,2001,2008
S042201,1,0,1,superieur,1972,1975,2008
S042201,2,0,1,superieur,1982,1983,2008
S042201,3,0,1,superieur,1996,1997,2008
S042401,1,0,1,superieur,1974,1981,2008
S042701,1,0,1,superieur,1955,1966,2008
S042701,2,0,1,superieur,1987,1990,2008
S043101,1,1,1,aucun-primaire,1971,1984,2008
S044100,1,0,1,aucun-primaire,2001,0,2008
S044305,1,0,1,superieur,2005,2006,2008
S046401,1,1,1,secondaire,1979,1981,2008
S046401,2,1,1,secondaire,1987,1992,2008
S046901,1,0,1,aucun-primaire,1985,1987,2008
S046924,1,0,1,aucun-primaire,1981,1983,2008
S046924,2,0,1,aucun-primaire,1990,1996,2008
S048601,1,1,1,aucun-primaire,1974,1980,2008
S048601,2,1,1,aucun-primaire,1990,1998,2008
S048701,1,0,1,superieur,1990,1993,2008
S049401,1,1,1,aucun-primaire,1986,1990,2008
S049802,1,0,1,superieur,1997,1997,2008
S049802,2,0,1,superieur,2000,2000,2008
S049802,3,0,1,superieur,2003,2003,2008
S050401,1,0,1,secondaire,1984,1987,2008
S050901,1,0,1,superieur,1982,1985,2008
S051003,1,0,1,aucun-primaire,1991,1997,2008
S053001,1,0,1,superieur,1993,1995,2008
S053401,1,0,1,aucun-primaire,1989,1995,2008
S053801,1,0,1,superieur,1983,1989,2008
S053801,2,0,1,superieur,1989,1992,2008
S053901,1,0,1,superieur,1971,1987,2008
S053901,2,0,1,superieur,1987,1996,2008
S054501,1,0,1,superieur,2002,2006,2008
S057701,1,0,1,superieur,1993,1995,2008
S057701,2,0,1,superieur,1995,2001,2008
S057915,1,0,1,aucun-primaire,1999,2001,2008
S058001,1,0,1,superieur,1970,1971,2008
S058309,1,1,1,aucun-primaire,2002,2003,2008
S058502,1,1,1,superieur,1981,1995,2008
S058801,1,1,1,aucun-primaire,1966,1967,2008
S060101,1,1,1,secondaire,1956,1967,2008
S060501,1,0,1,aucun-primaire,1974,1979,2008
S060903,1,1,1,superieur,1994,2000,2008
S061101,1,0,1,aucun-primaire,1983,2002,2008
S061701,1,0,1,aucun-primaire,1969,1972,2008
S061701,2,0,1,aucun-primaire,1972,2007,2008
S061702,1,1,1,secondaire,1984,1986,2008
S061702,2,1,1,secondaire,1996,1997,2008
S061702,3,1,1,secondaire,2000,2001,2008
S061702,4,1,1,secondaire,2006,2007,2008
S062401,1,0,1,aucun-primaire,1981,1984,2008
S062401,2,0,1,aucun-primaire,1984,1986,2008
S063505,1,0,1,aucun-primaire,2001,2001,2008
S063505,2,0,1,aucun-primaire,2001,2001,2008
S063605,1,0,1,superieur,1993,1999,2008
S065701,1,0,1,aucun-primaire,1988,1991,2008
S065801,1,0,1,aucun-primaire,1983,1998,2008
S066213,1,1,1,secondaire,1998,2000,2008
S066213,2,1,1,secondaire,2000,2003,2008
S066213,3,1,1,secondaire,2003,2007,2008
S066401,1,0,1,aucun-primaire,1957,1958,2008
S066401,2,0,1,aucun-primaire,1982,1989,2008
S066404,1,1,1,aucun-primaire,1984,1984,2008
S066404,2,1,1,aucun-primaire,1984,1986,2008
S066405,1,0,1,aucun-primaire,1997,1998,2008
S067205,1,1,1,aucun-primaire,1965,1974,2008
S067301,1,0,1,aucun-primaire,1992,1997,2008
S067308,1,1,1,aucun-primaire,1994,2000,2008
S067508,1,1,1,secondaire,1996,1998,2008
S068702,1,0,1,aucun-primaire,1996,2000,2008
S068702,2,0,1,aucun-primaire,2005,2006,2008
S068704,1,0,1,aucun-primaire,1998,2007,2008
S071908,1,1,1,aucun-primaire,1982,1989,2008
S071911,1,0,1,aucun-primaire,1999,2000,2008
S073301,1,0,1,aucun-primaire,1997,2003,2008
S073403,1,0,1,aucun-primaire,1990,2002,2008
S074009,1,0,1,aucun-primaire,1981,1981,2008
S074009,2,0,1,aucun-primaire,1984,1988,2008
S074708,1,0,1,aucun-primaire,1986,0,2008
S075305,1,0,1,aucun-primaire,2003,2003,2008
S075305,2,0,1,aucun-primaire,2003,2003,2008
S075401,1,0,1,superieur,1998,1998,2008
S075401,2,0,1,superieur,1998,1998,2008
S075401,3,0,1,superieur,2003,2005,2008
S076111,1,0,1,aucun-primaire,2006,2006,2008
S077201,1,1,1,aucun-primaire,1981,1986,2008
S077201,2,1,1,aucun-primaire,1988,1990,2008
S077201,3,1,1,aucun-primaire,1992,1998,2008
S077613,1,0,1,superieur,1998,1998,2008
S077613,2,0,1,superieur,1999,1999,2008
S078002,1,0,1,aucun-primaire,1997,1998,2008
S079601,1,0,1,aucun-primaire,1954,1956,2008
S079601,2,0,1,aucun-primaire,1956,1958,2008
S079601,3,0,1,aucun-primaire,1958,1961,2008
S079601,4,0,1,aucun-primaire,1961,1963,2008
S079604,1,1,1,secondaire,1956,1960,2008
S080002,1,1,1,aucun-primaire,1958,1962,2008
S080706,1,0,1,aucun-primaire,1998,2006,2008
S082001,1,0,1,aucun-primaire,1969,1971,2008
S082001,2,0,1,aucun-primaire,1971,1973,2008
S082001,3,0,1,aucun-primaire,1973,1975,2008
S082001,4,0,1,aucun-primaire,1980,1982,2008
S082001,5,0,1,aucun-primaire,1987,1989,2008
S082001,6,0,1,aucun-primaire,1991,1999,2008
S082002,1,1,1,aucun-primaire,1970,1971,2008
S085801,1,0,1,superieur,1987,1988,2008
S085801,2,0,1,superieur,1988,1989,2008
S085801,3,0,1,superieur,2005,2006,2008
S086401,1,0,1,superieur,1993,1995,2008
S086401,2,0,1,superieur,1996,1997,2008
S086401,3,0,1,superieur,1998,1999,2008
S086801,1,0,1,aucun-primaire,1961,1964,2008
S086801,2,0,1,aucun-primaire,1966,1967,2008
S088001,1,1,1,aucun-primaire,1981,1986,2008
S088401,1,0,1,superieur,1964,1967,2008
S088401,2,0,1,superieur,1967,1968,2008
S088401,3,0,1,superieur,1968,1976,2008
S088803,1,0,1,aucun-primaire,1990,1992,2008
S088803,2,0,1,aucun-primaire,1992,1996,2008
S088901,1,0,1,superieur,1992,1992,2008
S088901,2,0,1,superieur,1992,1996,2008
S088901,3,0,1,superieur,2001,2002,2008
S089001,1,0,1,aucun-primaire,1999,2000,2008
S089006,1,0,1,superieur,1970,1974,2008
S089006,2,0,1,superieur,1978,1978,2008
S089101,1,0,1,superieur,1997,2000,2008
S089301,1,0,1,secondaire,1985,1993,2008
S089512,1,0,1,secondaire,1986,1988,2008
S090001,1,0,1,aucun-primaire,1985,1989,2008
S090101,1,1,1,secondaire,1991,1995,2008
S090404,1,0,1,aucun-primaire,1984,1985,2008
S090404,2,0,1,aucun-primaire,1986,1988,2008
S090501,1,0,1,aucun-primaire,1962,1963,2008
S090501,2,0,1,aucun-primaire,1965,1966,2008
S091501,1,0,1,aucun-primaire,1992,1994,2008
S091804,1,0,1,aucun-primaire,2000,2002,2008
S092814,1,1,1,secondaire,1997,1999,2008
S092814,2,1,1,secondaire,2000,2002,2008
S093301,1,0,1,aucun-primaire,1981,1984,2008
S093301,2,0,1,aucun-primaire,1987,1990,2008
S093501,1,1,1,aucun-primaire,1970,1972,2008
S093501,2,1,1,aucun-primaire,1974,1976,2008
S093502,1,0,1,superieur,1988,1990,2008
S093605,1,0,1,secondaire,1986,1987,2008
S093605,2,0,1,secondaire,2005,2007,2008
S094901,1,0,1,secondaire,1969,1970,2008
S095204,1,0,1,aucun-primaire,1994,1996,2008
S095204,2,0,1,aucun-primaire,1996,2000,2008
S095508,1,0,1,aucun-primaire,1992,1994,2008
S097401,1,0,1,secondaire,1992,2000,2008
S097502,1,1,1,aucun-primaire,1983,1994,2008
S097604,1,0,1,aucun-primaire,2002,2004,2008
S099218,1,0,1,aucun-primaire,1975,1989,2008
S099218,2,0,1,aucun-primaire,1991,2000,2008
S100201,1,0,1,aucun-primaire,1976,2000,2008
S100301,1,0,1,aucun-primaire,1971,1989,2008
S100404,1,1,1,aucun-primaire,1984,1988,2008
S100404,2,1,1,aucun-primaire,1989,1991,2008
S101301,1,1,1,aucun-primaire,1980,1982,2008
S101812,1,0,1,aucun-primaire,1978,2003,2008
S101901,1,1,1,aucun-primaire,1975,1987,2008
S102904,1,1,1,aucun-primaire,1976,1977,2008
S103602,1,1,1,aucun-primaire,1972,1980,2008
S104501,1,1,1,secondaire,1986,1990,2008
S104809,1,1,1,secondaire,1989,1990,2008
S106902,1,0,1,superieur,1991,2003,2008
S108101,1,0,1,aucun-primaire,1972,1972,2008
S108101,2,0,1,aucun-primaire,1973,1983,2008
S108501,1,0,1,aucun-primaire,1974,1986,2008
S108501,2,0,1,aucun-primaire,1986,1986,2008
S108501,3,0,1,aucun-primaire,1986,1987,2008
S108501,4,0,1,aucun-primaire,1987,1988,2008
S110107,1,1,1,aucun-primaire,1999,2003,2008
S110107,2,1,1,aucun-primaire,2004,2007,2008
S111301,1,0,1,aucun-primaire,1992,1993,2008
S111806,1,0,1,aucun-primaire,2002,2007,2008
S111901,1,0,1,aucun-primaire,1993,2005,2008
S111903,1,0,1,aucun-primaire,2000,2003,2008
S113002,1,1,1,aucun-primaire,2002,2007,2008
S113504,1,0,1,aucun-primaire,1999,2001,2008
S113504,2,0,1,aucun-primaire,2003,2007,2008
S114001,1,0,1,aucun-primaire,1997,1998,2008
S115113,1,0,1,aucun-primaire,1985,1988,2008
S116302,1,0,1,aucun-primaire,1994,1997,2008
S116302,2,0,1,aucun-primaire,1999,2000,2008
S117105,1,1,1,superieur,1987,1990,2008
S117401,1,0,1,aucun-primaire,1956,1957,2008
S118603,1,0,1,aucun-primaire,1997,1998,2008
S118904,1,0,1,superieur,2004,2004,2008
S120606,1,1,1,aucun-primaire,2000,2002,2008
S120902,1,0,1,aucun-primaire,1988,1991,2008
S120902,2,0,1,aucun-primaire,1991,1998,2008
S121001,1,0,1,aucun-primaire,1997,1997,2008
S121301,1,0,1,superieur,1966,1968,2008
S121301,2,0,1,superieur,1968,1970,2008
S121301,3,0,1,superieur,1970,1979,2008
S121301,4,0,1,superieur,1979,1982,2008
S121301,5,0,1,superieur,1982,1988,2008
S121301,6,0,1,superieur,1988,1993,2008
S121301,7,0,1,superieur,1993,1997,2008
S121402,1,0,1,aucun-primaire,1987,1994,2008
S122902,1,0,1,aucun-primaire,1982,1989,2008
S124606,1,1,1,secondaire,1999,2000,2008
S126505,1,1,1,aucun-primaire,1997,1997,2008
S126509,1,1,1,secondaire,1998,2001,2008
S128002,1,0,1,aucun-primaire,1998,2006,2008
S128403,1,0,1,aucun-primaire,1999,2001,2008
S128908,1,0,1,superieur,2005,2007,2008
S129901,1,0,1,superieur,1973,1981,2008
S131401,1,0,1,superieur,1991,1992,2008
U0000200,1,1,0,secondaire,1998,0,2009
U0000201,1,1,0,superieur,1998,0,2009
U0000202,1,0,0,superieur,1995,0,2009
U0000203,1,0,0,superieur,2000,0,2009
U0000204,1,0,0,superieur,1998,0,2009
U0000205,1,1,0,aucun-primaire,2000,0,2009
U0000206,1,0,0,secondaire,2004,0,2009
U0000207,1,1,0,aucun-primaire,1998,0,2009
U0000208,1,1,0,aucun-primaire,2000,0,2009
U0000209,1,1,0,aucun-primaire,1999,1999,2009
U0000209,2,1,0,aucun-primaire,1999,0,2009
U0000210,1,0,0,superieur,2005,0,2009
U0000211,1,1,0,aucun-primaire,1998,2000,2009
U0000211,2,1,0,aucun-primaire,2000,0,2009
U0000212,1,1,0,superieur,2006,0,2009
U0000213,1,0,0,secondaire,2002,0,2009
U0000214,1,0,0,superieur,2003,0,2009
U0000215,1,0,0,superieur,2003,2003,2009
U0000215,2,0,0,superieur,2003,0,2009
U0000216,1,1,0,superieur,1998,2003,2009
U0000216,2,1,0,superieur,2003,0,2009
U0000217,1,1,0,superieur,2005,0,2009
U0000218,1,0,0,secondaire,1992,1996,2009
U0000218,2,0,0,secondaire,1996,2000,2009
U0000218,3,0,0,secondaire,2000,0,2009
U0000219,1,0,0,aucun-primaire,1997,2007,2009
U0000219,2,0,0,aucun-primaire,2007,0,2009
U0000220,1,0,0,secondaire,1984,1994,2009
U0000220,2,0,0,secondaire,1994,1997,2009
U0000220,3,0,0,secondaire,1997,2005,2009
U0000220,4,0,0,secondaire,2005,0,2009
U0000221,1,0,0,secondaire,1999,0,2009
U0000222,1,0,0,secondaire,1994,1998,2009
U0000222,2,0,0,secondaire,1998,2003,2009
U0000222,3,0,0,secondaire,2003,0,2009
U0000223,1,0,0,superieur,2006,0,2009
U0000224,1,1,0,aucun-primaire,2000,0,2009
U0000225,1,1,0,secondaire,1995,1997,2009
U0000225,2,1,0,secondaire,1997,0,2009
U0000226,1,0,0,superieur,2000,0,2009
U0000227,1,0,0,superieur,1986,1989,2009
U0000227,2,0,0,superieur,1989,0,2009
U0000228,1,0,0,secondaire,1992,0,2009
U0000229,1,0,0,aucun-primaire,2000,0,2009
U0000230,1,1,0,secondaire,2001,0,2009
U0000230,2,1,0,secondaire,2001,2001,2009
U0000230,3,1,0,secondaire,2001,2001,2009
U0000232,1,0,0,superieur,1997,0,2009
U0000233,1,0,0,superieur,2005,0,2009
U0000234,1,1,0,secondaire,2007,0,2009
U0000235,1,1,0,superieur,1991,0,2009
U0000236,1,0,0,secondaire,1988,1989,2009
U0000236,2,0,0,secondaire,1989,0,2009
U0000237,1,0,0,superieur,1994,1994,2009
U0000237,2,0,0,superieur,1994,0,2009
U0000238,1,1,0,secondaire,2002,2002,2009
U0000238,2,1,0,secondaire,2002,0,2009
U0000239,1,0,0,superieur,1975,1985,2009
U0000239,2,0,0,superieur,1998,0,2009
U0000240,1,1,0,superieur,2005,0,2009
U0000241,1,1,0,superieur,1999,1999,2009
U0000241,2,1,0,superieur,1999,0,2009
U0000242,1,0,0,secondaire,2002,0,2009
U0000243,1,0,0,superieur,2003,0,2009
U0000244,1,0,0,superieur,1997,0,2009
U0000245,1,1,0,superieur,1992,0,2009
U0000245,2,1,0,superieur,1992,1992,2009
U0000245,3,1,0,superieur,1992,1992,2009
U0000246,1,1,0,secondaire,1992,0,2009
U0000247,1,1,0,secondaire,1989,0,2009
U0000248,1,0,0,superieur,1986,0,2009
U0000249,1,0,0,superieur,1992,0,2009
U0000250,1,0,0,superieur,1982,1982,2009
U0000250,2,0,0,superieur,1982,1989,2009
U0000250,3,0,0,superieur,1989,0,2009
U0000251,1,0,0,superieur,1998,0,2009
U0000252,1,0,0,superieur,1993,0,2009
U0000253,1,0,0,superieur,1989,0,2009
U0000253,2,0,0,superieur,1989,1989,2009
U0000254,1,1,0,aucun-primaire,2002,0,2009
U0000255,1,1,0,secondaire,1998,0,2009
U0000255,2,1,0,secondaire,1998,1998,2009
U0000256,1,1,0,secondaire,2004,0,2009
U0000257,1,0,0,superieur,1991,0,2009
U0000257,2,0,0,superieur,1991,1991,2009
U0000258,1,1,0,aucun-primaire,1992,1992,2009
U0000258,2,1,0,aucun-primaire,1992,0,2009
U0000258,3,1,0,aucun-primaire,1992,1992,2009
U0000259,1,1,0,superieur,1997,2000,2009
U0000259,2,1,0,superieur,2000,0,2009
U0000260,1,1,0,superieur,2005,0,2009
U0000261,1,1,0,secondaire,2006,0,2009
U0000262,1,1,0,superieur,1999,0,2009
U0000263,1,1,0,secondaire,1993,2003,2009
U0000263,2,1,0,secondaire,2003,0,2009
U0000264,1,1,0,superieur,2000,2004,2009
U0000264,2,1,0,superieur,2004,0,2009
U0000265,1,1,0,secondaire,2003,0,2009
U0000266,1,0,0,secondaire,2000,2007,2009
U0000266,2,0,0,secondaire,2007,0,2009
U0000267,1,1,0,secondaire,2003,0,2009
U0000268,1,0,0,superieur,1997,0,2009
U0000269,1,0,0,secondaire,1995,2003,2009
U0000269,2,0,0,secondaire,2003,0,2009
U0000270,1,0,0,secondaire,2000,0,2009
U0000271,1,0,0,secondaire,1996,0,2009
U0000272,1,1,0,secondaire,1994,0,2009
U0000273,1,1,0,superieur,1993,0,2009
U0000273,2,1,0,superieur,1993,1993,2009
U0000274,1,0,0,secondaire,2008,0,2009
U0000275,1,1,0,secondaire,1991,0,2009
U0000276,1,0,0,secondaire,2003,2005,2009
U0000276,2,0,0,secondaire,2005,0,2009
U0000277,1,1,0,secondaire,1999,0,2009
U0000278,1,1,0,secondaire,1990,0,2009
U0000279,1,1,0,secondaire,1997,1997,2009
U0000279,2,1,0,secondaire,2003,0,2009
U0000280,1,1,0,secondaire,1995,0,2009
U0000281,1,1,0,secondaire,2004,0,2009
U0000282,1,0,0,aucun-primaire,2006,0,2009
U0000283,1,0,0,aucun-primaire,2002,0,2009
U0000284,1,0,0,secondaire,1978,1990,2009
U0000284,2,0,0,secondaire,1990,0,2009
U0000285,1,0,0,aucun-primaire,1993,1997,2009
U0000285,2,0,0,aucun-primaire,1997,0,2009
U0000286,1,0,0,secondaire,1989,1993,2009
U0000286,2,0,0,secondaire,1993,0,2009
U0000287,1,0,0,aucun-primaire,2004,0,2009
U0000288,1,0,0,aucun-primaire,2000,0,2009
U0000288,2,0,0,aucun-primaire,2000,2000,2009
U0000289,1,0,0,secondaire,2000,0,2009
U0000290,1,1,0,superieur,1994,0,2009
U0000291,1,1,0,secondaire,1993,2000,2009
U0000291,2,1,0,secondaire,2000,0,2009
U0000292,1,1,0,superieur,1991,1991,2009
U0000292,2,1,0,superieur,1999,0,2009
U0000293,1,0,0,aucun-primaire,1998,0,2009
U0000294,1,0,0,superieur,2002,0,2009
U0000295,1,0,0,aucun-primaire,1998,0,2009
U0000296,1,0,0,secondaire,1990,1997,2009
U0000296,2,0,0,secondaire,1997,0,2009
U0000297,1,0,0,superieur,1990,0,2009
U0000298,1,0,0,superieur,1990,0,2009
U0000299,1,0,0,aucun-primaire,1990,0,2009
U0000300,1,1,0,secondaire,2000,0,2009
U0000301,1,0,0,superieur,1993,0,2009
U0000302,1,1,0,secondaire,2001,0,2009
U0000303,1,0,0,superieur,1989,1994,2009
U0000303,2,0,0,superieur,1994,0,2009
U0000305,1,0,0,secondaire,1995,0,2009
U0000305,2,0,0,secondaire,1995,1995,2009
U0000307,1,0,0,secondaire,1990,1991,2009
U0000307,2,0,0,secondaire,1991,1991,2009
U0000307,3,0,0,secondaire,1991,0,2009
U0000308,1,1,0,superieur,1990,0,2009
U0000309,1,1,0,superieur,1995,0,2009
U0000310,1,1,0,superieur,1999,1999,2009
U0000310,2,1,0,superieur,1999,0,2009
U0000311,1,0,0,superieur,1978,1998,2009
U0000311,2,0,0,superieur,1998,0,2009
U0000312,1,1,0,secondaire,1991,0,2009
U0000313,1,0,0,secondaire,1990,1993,2009
U0000313,2,0,0,secondaire,1993,2002,2009
U0000313,3,0,0,secondaire,2004,0,2009
U0000314,1,1,0,superieur,1989,1992,2009
U0000314,2,1,0,superieur,1992,0,2009
U0000315,1,0,0,secondaire,1982,1985,2009
U0000315,2,0,0,secondaire,1993,0,2009
U0000316,1,1,0,secondaire,2000,0,2009
U0000317,1,0,0,superieur,2004,0,2009
U0000318,1,1,0,superieur,2005,0,2009
U0000319,1,1,0,superieur,2005,0,2009
U0000320,1,1,0,superieur,1982,1984,2009
U0000320,2,1,0,superieur,1998,2002,2009
U0000320,3,1,0,superieur,2002,0,2009
U0000321,1,1,0,secondaire,1996,1997,2009
U0000321,2,1,0,secondaire,1997,1998,2009
U0000321,3,1,0,secondaire,1998,2000,2009
U0000321,4,1,0,secondaire,2000,0,2009
U0000322,1,0,0,superieur,2005,0,2009
U0000322,2,0,0,superieur,2005,2005,2009
U0000323,1,1,0,secondaire,2000,2001,2009
U0000323,2,1,0,secondaire,2001,2002,2009
U0000323,3,1,0,secondaire,2002,0,2009
U0000324,1,1,0,superieur,1993,1995,2009
U0000324,2,1,0,superieur,2000,2001,2009
U0000324,3,1,0,superieur,2001,0,2009
U0000325,1,1,0,superieur,2000,0,2009
U0000326,1,0,0,secondaire,1990,1991,2009
U0000326,2,0,0,secondaire,1991,1993,2009
U0000326,3,0,0,secondaire,1993,0,2009
U0000327,1,1,0,secondaire,2001,2002,2009
U0000327,2,1,0,secondaire,2002,0,2009
U0000328,1,0,0,superieur,2000,2002,2009
U0000328,2,0,0,superieur,2002,2004,2009
U0000328,3,0,0,superieur,2004,0,2009
U0000329,1,0,0,superieur,1999,1999,2009
U0000329,2,0,0,superieur,1999,2001,2009
U0000329,3,0,0,superieur,2001,0,2009
U0000330,1,1,0,superieur,2004,0,2009
U0000330,2,1,0,superieur,2004,2004,2009
U0000331,1,0,0,superieur,2000,2004,2009
U0000331,2,0,0,superieur,2004,0,2009
U0000332,1,0,0,superieur,1974,1978,2009
U0000332,2,0,0,superieur,1978,1988,2009
U0000332,3,0,0,superieur,1988,0,2009
U0000333,1,1,0,superieur,2001,0,2009
U0000334,1,1,0,superieur,1997,1998,2009
U0000334,2,1,0,superieur,1999,2000,2009
U0000334,3,1,0,superieur,2000,0,2009
U0000336,1,1,0,secondaire,1978,1980,2009
U0000336,2,1,0,secondaire,1989,1991,2009
U0000336,3,1,0,secondaire,1993,1998,2009
U0000336,4,1,0,secondaire,1998,2001,2009
U0000336,5,1,0,secondaire,2001,2002,2009
U0000336,6,1,0,secondaire,2002,0,2009
U0000337,1,1,0,aucun-primaire,2003,0,2009
U0000338,1,1,0,secondaire,2001,2002,2009
U0000338,2,1,0,secondaire,2002,0,2009
U0000339,1,1,0,superieur,1996,2004,2009
U0000339,2,1,0,superieur,2004,0,2009
U0000340,1,0,0,secondaire,1990,1993,2009
U0000340,2,0,0,secondaire,2003,2003,2009
U0000340,3,0,0,secondaire,2003,0,2009
U0000341,1,0,0,aucun-primaire,1998,1999,2009
U0000341,2,0,0,aucun-primaire,1999,0,2009
U0000342,1,0,0,secondaire,2002,0,2009
U0000343,1,1,0,secondaire,2000,0,2009
U0000344,1,1,0,secondaire,2003,0,2009
U0000344,2,1,0,secondaire,2003,2003,2009
U0000345,1,0,0,secondaire,1990,1995,2009
U0000345,2,0,0,secondaire,1995,1999,2009
U0000345,3,0,0,secondaire,1999,0,2009
U0000346,1,1,0,superieur,1987,1991,2009
U0000346,2,1,0,superieur,1991,0,2009
U0000347,1,1,0,secondaire,1999,0,2009
U0000348,1,0,0,superieur,1989,1997,2009
U0000348,2,0,0,superieur,1997,0,2009
U0000349,1,1,0,secondaire,2001,0,2009
U0000400,1,1,0,secondaire,2003,0,2009
